experiment,subset,method,chunk,seed,rmse,score,val_rmse,epochs,sec_per_epoch,n_params,cond_norm,full_epochs,seq_len
rul_abl,FD001,yes_yes_yes,,0,13.6999,381.6,11.3007,29,2.267,112513,True,False,60
rul_abl,FD001,yes_yes_yes,,1,14.3471,405.02,9.6917,34,3.655,112513,True,False,60
rul_abl,FD001,yes_yes_yes,,2,14.558,453.04,11.9491,47,3.69,112513,True,False,60
rul_abl,FD001,yes_yes_yes,,3,15.1413,459.27,11.28,40,3.567,112513,True,False,60
rul_abl,FD001,yes_yes_yes,,4,13.9701,359.86,11.6743,36,3.528,112513,True,False,60
rul_abl,FD002,yes_yes_yes,,0,12.3523,652.79,12.0055,38,6.738,112513,True,False,60
rul_abl,FD002,yes_yes_yes,,1,12.7274,673.97,12.8065,31,6.89,112513,True,False,60
rul_abl,FD002,yes_yes_yes,,2,13.0378,846.12,13.476,77,6.552,112513,True,False,60
rul_abl,FD002,yes_yes_yes,,3,12.939,804.33,13.0861,49,6.272,112513,True,False,60
rul_abl,FD002,yes_yes_yes,,4,12.3676,890.52,12.6387,52,5.182,112513,True,False,60
rul_abl,FD003,yes_yes_yes,,0,14.8285,500.45,10.7259,26,2.782,112513,True,False,60
rul_abl,FD003,yes_yes_yes,,1,12.5921,271.34,10.3268,31,6.665,112513,True,False,60
rul_abl,FD003,yes_yes_yes,,2,12.2776,289.86,11.2855,37,6.858,112513,True,False,60
rul_abl,FD003,yes_yes_yes,,3,13.5469,314.48,9.1292,63,6.405,112513,True,False,60
rul_abl,FD003,yes_yes_yes,,4,12.5381,282.28,9.8775,38,6.529,112513,True,False,60
rul_abl,FD004,yes_yes_yes,,0,14.3576,1035.5,13.526,49,10.999,112513,True,False,60
rul_abl,FD004,yes_yes_yes,,1,13.7913,966.57,12.5145,32,11.092,112513,True,False,60
rul_abl,FD004,yes_yes_yes,,2,14.2306,934.89,13.0442,31,10.782,112513,True,False,60
rul_abl,FD004,yes_yes_yes,,3,14.3455,1016.44,15.5989,31,10.847,112513,True,False,60
rul_abl,FD004,yes_yes_yes,,4,13.343,1263.93,13.2655,30,8.424,112513,True,False,60
rul_abl,FD001,yes_yes_no,,0,14.0068,367.13,11.2899,57,2.956,70497,False,False,60
rul_abl,FD001,yes_yes_no,,1,14.1421,366.3,9.7165,61,3.024,70497,False,False,60
rul_abl,FD001,yes_yes_no,,2,13.511,350.84,12.1931,53,3.09,70497,False,False,60
rul_abl,FD001,yes_yes_no,,3,13.6134,370.46,11.6098,49,2.943,70497,False,False,60
rul_abl,FD001,yes_yes_no,,4,13.327,332.43,11.6421,63,2.927,70497,False,False,60
rul_abl,FD002,yes_yes_no,,0,14.6512,1008.96,12.6326,65,4.807,70497,False,False,60
rul_abl,FD002,yes_yes_no,,1,17.8919,7075.26,13.9629,100,7.678,70497,False,False,60
rul_abl,FD002,yes_yes_no,,2,17.8614,8557.87,14.0456,72,6.918,70497,False,False,60
rul_abl,FD002,yes_yes_no,,3,15.1846,1721.69,13.6067,99,5.528,70497,False,False,60
rul_abl,FD002,yes_yes_no,,4,17.5661,8296.84,13.7236,103,5.628,70497,False,False,60
rul_abl,FD003,yes_yes_no,,0,13.3383,357.64,11.293,57,6.036,70497,False,False,60
rul_abl,FD003,yes_yes_no,,1,12.4224,269.04,10.8152,62,4.717,70497,False,False,60
rul_abl,FD003,yes_yes_no,,2,12.1768,279.25,11.1682,87,5.878,70497,False,False,60
rul_abl,FD003,yes_yes_no,,3,12.8337,277.53,9.9108,48,5.508,70497,False,False,60
rul_abl,FD003,yes_yes_no,,4,12.5897,299.48,10.3399,55,5.571,70497,False,False,60
rul_abl,FD004,yes_yes_no,,0,14.6368,1096.9,14.2457,114,11.518,70497,False,False,60
rul_abl,FD004,yes_yes_no,,1,16.5139,1414.63,13.5141,65,7.151,70497,False,False,60
rul_abl,FD004,yes_yes_no,,2,14.5977,1060.04,13.7286,105,6.62,70497,False,False,60
rul_abl,FD004,yes_yes_no,,3,14.6109,1095.79,16.4061,87,5.792,70497,False,False,60
rul_abl,FD004,yes_yes_no,,4,14.8824,1159.83,13.2934,75,5.827,70497,False,False,60
rul_abl,FD001,yes_yes_no,,0,13.0334,308.98,11.2939,38,3.71,70497,True,False,60
rul_abl,FD001,yes_yes_no,,1,14.3623,390.06,9.9285,42,3.804,70497,True,False,60
rul_abl,FD001,yes_yes_no,,2,14.5128,384.12,11.7633,68,3.827,70497,True,False,60
rul_abl,FD001,yes_yes_no,,3,13.235,351.76,11.1901,38,3.661,70497,True,False,60
rul_abl,FD001,yes_yes_no,,4,13.3856,324.34,11.6011,54,3.634,70497,True,False,60
rul_abl,FD002,yes_yes_no,,0,12.3446,693.74,11.8296,47,4.402,70497,True,False,60
rul_abl,FD002,yes_yes_no,,1,12.5016,673.67,12.7949,36,4.436,70497,True,False,60
rul_abl,FD002,yes_yes_no,,2,12.5614,772.71,13.3486,62,4.187,70497,True,False,60
rul_abl,FD002,yes_yes_no,,3,12.8108,693.39,13.0175,38,4.364,70497,True,False,60
rul_abl,FD002,yes_yes_no,,4,12.4723,755.14,12.4671,66,4.273,70497,True,False,60
rul_abl,FD003,yes_yes_no,,0,13.1212,336.08,10.8451,47,4.354,70497,True,False,60
rul_abl,FD003,yes_yes_no,,1,12.689,269.82,10.7597,45,4.262,70497,True,False,60
rul_abl,FD003,yes_yes_no,,2,12.2113,274.17,11.3348,57,4.422,70497,True,False,60
rul_abl,FD003,yes_yes_no,,3,12.7894,301.28,10.0274,39,4.139,70497,True,False,60
rul_abl,FD003,yes_yes_no,,4,12.0612,248.51,10.104,56,4.322,70497,True,False,60
rul_abl,FD004,yes_yes_no,,0,14.3448,1466.15,12.9864,81,5.668,70497,True,False,60
rul_abl,FD004,yes_yes_no,,1,13.4084,984.54,12.097,43,5.228,70497,True,False,60
rul_abl,FD004,yes_yes_no,,2,13.475,1049.86,12.1935,46,5.081,70497,True,False,60
rul_abl,FD004,yes_yes_no,,3,13.8273,929.8,15.2238,31,5.207,70497,True,False,60
rul_abl,FD004,yes_yes_no,,4,13.4806,1399.91,13.0607,47,5.115,70497,True,False,60
rul_abl,FD001,yes_yes_no,,0,13.8821,381.79,11.9497,62,2.475,53505,True,False,60
rul_abl,FD001,yes_yes_no,,1,14.0002,395.42,9.3932,50,2.538,53505,True,False,60
rul_abl,FD001,yes_yes_no,,2,13.2857,331.27,12.0122,47,2.645,53505,True,False,60
rul_abl,FD001,yes_yes_no,,3,13.6906,411.5,11.5854,51,2.558,53505,True,False,60
rul_abl,FD001,yes_yes_no,,4,13.8388,351.03,11.5919,102,2.46,53505,True,False,60
rul_abl,FD002,yes_yes_no,,0,12.301,682.9,11.9253,44,3.762,53505,True,False,60
rul_abl,FD002,yes_yes_no,,1,12.5573,707.24,12.754,49,3.779,53505,True,False,60
rul_abl,FD002,yes_yes_no,,2,12.3332,698.64,13.7515,43,3.705,53505,True,False,60
rul_abl,FD002,yes_yes_no,,3,12.7613,725.26,12.9632,65,3.78,53505,True,False,60
rul_abl,FD002,yes_yes_no,,4,12.2738,683.2,12.4092,92,3.708,53505,True,False,60
rul_abl,FD003,yes_yes_no,,0,13.3108,344.03,11.1989,45,2.468,53505,True,False,60
rul_abl,FD003,yes_yes_no,,1,12.6259,283.67,10.5258,86,2.527,53505,True,False,60
rul_abl,FD003,yes_yes_no,,2,12.5431,298.14,11.5161,51,2.136,53505,True,False,60
rul_abl,FD003,yes_yes_no,,3,12.4334,274.67,9.9629,47,2.005,53505,True,False,60
rul_abl,FD003,yes_yes_no,,4,12.4213,296.66,9.9408,87,2.06,53505,True,False,60
rul_abl,FD004,yes_yes_no,,0,13.626,938.98,13.457,69,3.726,53505,True,False,60
rul_abl,FD004,yes_yes_no,,1,13.5762,1001.97,12.6707,46,3.914,53505,True,False,60
rul_abl,FD004,yes_yes_no,,2,13.8737,1194.76,12.611,46,3.885,53505,True,False,60
rul_abl,FD004,yes_yes_no,,3,13.6104,1239.16,15.6488,65,3.821,53505,True,False,60
rul_abl,FD004,yes_yes_no,,4,13.5508,1052.34,13.1516,44,3.776,53505,True,False,60
rul_abl,FD001,yes_yes_no,,0,13.3616,346.3,10.9748,56,2.519,45537,True,False,60
rul_abl,FD001,yes_yes_no,,1,13.9267,355.13,9.4249,61,2.226,45537,True,False,60
rul_abl,FD001,yes_yes_no,,2,13.9843,432.68,12.4297,64,2.257,45537,True,False,60
rul_abl,FD001,yes_yes_no,,3,13.3493,368.19,11.9844,46,3.305,45537,True,False,60
rul_abl,FD001,yes_yes_no,,4,13.8087,352.31,11.8575,89,3.274,45537,True,False,60
rul_abl,FD002,yes_yes_no,,0,12.9652,740.61,12.0838,118,4.183,45537,True,False,60
rul_abl,FD002,yes_yes_no,,1,12.8217,705.2,12.7706,45,4.377,45537,True,False,60
rul_abl,FD002,yes_yes_no,,2,12.4901,757.86,13.717,66,4.297,45537,True,False,60
rul_abl,FD002,yes_yes_no,,3,12.6366,757.24,12.9923,51,4.351,45537,True,False,60
rul_abl,FD002,yes_yes_no,,4,12.1921,654.6,12.5574,60,4.204,45537,True,False,60
rul_abl,FD003,yes_yes_no,,0,13.4174,346.45,11.3352,48,4.762,45537,True,False,60
rul_abl,FD003,yes_yes_no,,1,12.4997,267.28,10.9647,86,4.923,45537,True,False,60
rul_abl,FD003,yes_yes_no,,2,12.3029,282.62,11.5992,58,5.044,45537,True,False,60
rul_abl,FD003,yes_yes_no,,3,13.2758,313.56,10.2771,52,3.691,45537,True,False,60
rul_abl,FD003,yes_yes_no,,4,12.7316,298.87,10.4596,56,3.804,45537,True,False,60
rul_abl,FD004,yes_yes_no,,0,13.6748,1197.37,13.5975,69,5.517,45537,True,False,60
rul_abl,FD004,yes_yes_no,,1,13.3481,916.3,12.3843,68,5.889,45537,True,False,60
rul_abl,FD004,yes_yes_no,,2,14.183,1301.39,12.5631,67,5.741,45537,True,False,60
rul_abl,FD004,yes_yes_no,,3,13.7376,1142.3,15.6264,54,5.889,45537,True,False,60
rul_abl,FD004,yes_yes_no,,4,14.2057,1372.35,13.5735,48,5.713,45537,True,False,60
rul_abl,FD001,yes_yes_no,,0,13.3428,377.19,11.2561,108,3.375,27313,True,False,60
rul_abl,FD001,yes_yes_no,,1,14.1257,438.03,9.9682,74,3.369,27313,True,False,60
rul_abl,FD001,yes_yes_no,,2,14.2716,371.76,11.2166,88,3.494,27313,True,False,60
rul_abl,FD001,yes_yes_no,,3,13.417,394.88,11.7274,102,3.408,27313,True,False,60
rul_abl,FD001,yes_yes_no,,4,13.0641,323.62,11.2765,116,3.271,27313,True,False,60
rul_abl,FD002,yes_yes_no,,0,12.6334,725.66,12.3263,78,4.382,27313,True,False,60
rul_abl,FD002,yes_yes_no,,1,12.4684,667.31,12.9305,39,4.706,27313,True,False,60
rul_abl,FD002,yes_yes_no,,2,11.9531,654.25,13.739,45,4.604,27313,True,False,60
rul_abl,FD002,yes_yes_no,,3,12.1704,694.36,13.3572,51,4.69,27313,True,False,60
rul_abl,FD002,yes_yes_no,,4,12.2461,655.61,12.6428,58,4.56,27313,True,False,60
rul_abl,FD003,yes_yes_no,,0,13.1582,340.42,12.1758,87,2.16,27313,True,False,60
rul_abl,FD003,yes_yes_no,,1,13.4975,317.81,11.4461,62,3.007,27313,True,False,60
rul_abl,FD003,yes_yes_no,,2,12.7827,331.27,11.5859,70,3.08,27313,True,False,60
rul_abl,FD003,yes_yes_no,,3,12.7866,282.49,10.0144,83,2.888,27313,True,False,60
rul_abl,FD003,yes_yes_no,,4,12.536,303.29,10.5639,94,2.922,27313,True,False,60
rul_abl,FD004,yes_yes_no,,0,14.1632,1211.05,13.8417,68,5.078,27313,True,False,60
rul_abl,FD004,yes_yes_no,,1,14.748,1187.9,13.8051,55,5.345,27313,True,False,60
rul_abl,FD004,yes_yes_no,,2,13.8101,1054.56,12.1498,75,5.021,27313,True,False,60
rul_abl,FD004,yes_yes_no,,3,13.6798,1022.5,16.5839,44,5.139,27313,True,False,60
rul_abl,FD004,yes_yes_no,,4,13.9205,1092.1,13.7995,53,5.001,27313,True,False,60
rul_abl,FD001,yes_yes_no,,0,13.3976,341.0,11.7216,84,3.897,70017,True,False,45
rul_abl,FD001,yes_yes_no,,1,13.6876,367.1,10.2182,65,3.833,70017,True,False,45
rul_abl,FD001,yes_yes_no,,2,14.4451,419.19,12.9324,53,2.646,70017,True,False,45
rul_abl,FD001,yes_yes_no,,3,13.747,411.93,12.7562,49,3.612,70017,True,False,45
rul_abl,FD001,yes_yes_no,,4,14.1371,339.12,11.4469,80,3.578,70017,True,False,45
rul_abl,FD002,yes_yes_no,,0,12.8564,802.99,13.1621,65,7.844,70017,True,False,45
rul_abl,FD002,yes_yes_no,,1,12.7459,776.11,14.1545,41,6.61,70017,True,False,45
rul_abl,FD002,yes_yes_no,,2,12.9212,920.45,14.1848,47,5.255,70017,True,False,45
rul_abl,FD002,yes_yes_no,,3,12.9013,796.25,13.5616,43,5.457,70017,True,False,45
rul_abl,FD002,yes_yes_no,,4,13.0206,946.96,13.8378,58,5.421,70017,True,False,45
rul_abl,FD003,yes_yes_no,,0,14.0598,400.03,12.1731,60,2.619,70017,True,False,45
rul_abl,FD003,yes_yes_no,,1,13.6584,360.65,11.8335,45,2.682,70017,True,False,45
rul_abl,FD003,yes_yes_no,,2,13.7238,383.73,11.452,95,2.49,70017,True,False,45
rul_abl,FD003,yes_yes_no,,3,13.4703,336.06,9.8759,64,2.36,70017,True,False,45
rul_abl,FD003,yes_yes_no,,4,14.2824,429.12,11.8413,48,2.421,70017,True,False,45
rul_abl,FD004,yes_yes_no,,0,13.2705,889.9,13.3449,47,8.73,70017,True,False,45
rul_abl,FD004,yes_yes_no,,1,13.5235,996.29,12.737,56,8.897,70017,True,False,45
rul_abl,FD004,yes_yes_no,,2,13.6847,1085.03,12.4513,98,8.635,70017,True,False,45
rul_abl,FD004,yes_yes_no,,3,13.8641,1082.59,15.8213,58,5.946,70017,True,False,45
rul_abl,FD004,yes_yes_no,,4,13.4112,1150.89,13.63,88,5.618,70017,True,False,45
rul_abl,FD001,yes_yes_no,,0,13.5011,344.24,11.534,42,3.288,70497,True,False,60
rul_abl,FD001,yes_yes_no,,1,15.0786,441.7,10.0192,42,3.39,70497,True,False,60
rul_abl,FD001,yes_yes_no,,2,13.9779,352.75,12.6636,53,3.477,70497,True,False,60
rul_abl,FD001,yes_yes_no,,3,14.8533,501.83,11.356,62,2.571,70497,True,False,60
rul_abl,FD001,yes_yes_no,,4,13.2808,335.87,11.8938,63,2.426,70497,True,False,60
rul_abl,FD002,yes_yes_no,,0,12.2875,690.77,12.2162,31,4.965,70497,True,False,60
rul_abl,FD002,yes_yes_no,,1,12.7315,707.77,13.138,30,5.063,70497,True,False,60
rul_abl,FD002,yes_yes_no,,2,12.7628,773.4,13.5718,45,4.81,70497,True,False,60
rul_abl,FD002,yes_yes_no,,3,12.3766,684.76,12.9498,29,4.869,70497,True,False,60
rul_abl,FD002,yes_yes_no,,4,12.5053,739.14,12.8801,31,4.842,70497,True,False,60
rul_abl,FD003,yes_yes_no,,0,12.9643,341.63,11.4149,57,2.664,70497,True,False,60
rul_abl,FD003,yes_yes_no,,1,12.7359,304.39,11.5864,40,2.73,70497,True,False,60
rul_abl,FD003,yes_yes_no,,2,12.3132,280.11,12.0054,51,2.825,70497,True,False,60
rul_abl,FD003,yes_yes_no,,3,13.1606,326.0,10.2568,40,2.698,70497,True,False,60
rul_abl,FD003,yes_yes_no,,4,12.4096,288.43,10.2051,55,2.766,70497,True,False,60
rul_abl,FD004,yes_yes_no,,0,13.8737,1210.84,13.6789,35,4.867,70497,True,False,60
rul_abl,FD004,yes_yes_no,,1,13.6634,1057.31,12.7742,40,5.13,70497,True,False,60
rul_abl,FD004,yes_yes_no,,2,14.366,1306.84,12.658,46,4.837,70497,True,False,60
rul_abl,FD004,yes_yes_no,,3,14.3332,1201.37,15.3334,35,4.87,70497,True,False,60
rul_abl,FD004,yes_yes_no,,4,13.8064,1405.93,13.6711,47,4.921,70497,True,False,60
rul_abl,FD001,yes_yes_no,,0,13.9892,364.76,11.2929,57,2.092,70497,True,False,60
rul_abl,FD001,yes_yes_no,,1,14.1354,365.61,9.715,61,4.597,70497,True,False,60
rul_abl,FD001,yes_yes_no,,2,13.4961,349.66,12.1939,53,4.636,70497,True,False,60
rul_abl,FD001,yes_yes_no,,3,13.5663,367.3,11.5987,49,4.463,70497,True,False,60
rul_abl,FD001,yes_yes_no,,4,13.3435,332.38,11.6304,63,4.412,70497,True,False,60
rul_abl,FD002,yes_yes_no,,0,12.5073,687.51,11.7475,88,8.113,70497,True,False,60
rul_abl,FD002,yes_yes_no,,1,12.8553,674.48,12.6815,45,7.848,70497,True,False,60
rul_abl,FD002,yes_yes_no,,2,12.4419,741.74,13.5441,58,7.602,70497,True,False,60
rul_abl,FD002,yes_yes_no,,3,12.4673,712.89,12.971,35,6.339,70497,True,False,60
rul_abl,FD002,yes_yes_no,,4,12.2807,720.88,12.2512,105,9.724,70497,True,False,60
rul_abl,FD003,yes_yes_no,,0,13.3329,357.93,11.3151,57,2.195,70497,True,False,60
rul_abl,FD003,yes_yes_no,,1,12.4196,269.49,10.813,62,2.943,70497,True,False,60
rul_abl,FD003,yes_yes_no,,2,12.1853,278.6,11.1858,87,3.038,70497,True,False,60
rul_abl,FD003,yes_yes_no,,3,12.8253,276.72,9.9181,48,2.822,70497,True,False,60
rul_abl,FD003,yes_yes_no,,4,12.6682,306.93,10.345,55,2.917,70497,True,False,60
rul_abl,FD004,yes_yes_no,,0,13.3508,1031.52,13.3912,69,13.967,70497,True,False,60
rul_abl,FD004,yes_yes_no,,1,13.6472,1048.67,12.7,44,14.367,70497,True,False,60
rul_abl,FD004,yes_yes_no,,2,13.8439,1123.85,12.4768,64,14.191,70497,True,False,60
rul_abl,FD004,yes_yes_no,,3,13.9361,1171.21,15.4495,38,14.221,70497,True,False,60
rul_abl,FD004,yes_yes_no,,4,13.7318,1391.36,13.2879,52,13.975,70497,True,False,60
rul_ar,FD001,gated_deltanet+bilstm,,0,12.0977,223.68,10.0902,76,1.709,93891,True,False,60
rul_ar,FD001,gated_deltanet+bilstm,,0,11.3906,188.55,10.8697,30,2.124,93891,True,False,60
rul_ar,FD001,gated_deltanet+bilstm,,0,12.0977,223.68,10.0902,60,2.149,93891,True,False,60
rul_ar,FD001,gated_deltanet+bilstm,,1,10.2069,139.19,8.8105,36,1.715,93891,True,False,60
rul_ar,FD004,gated_deltanet+bilstm,,0,11.5068,664.66,10.1992,54,5.363,93891,True,False,60
rul_ar,FD004,gated_deltanet+bilstm,,0,11.5068,664.66,10.1992,30,6.681,93891,True,False,60
rul_ar,FD004,gated_deltanet+bilstm,,0,11.5068,664.66,10.1992,38,6.787,93891,True,False,60
rul_ar,FD004,gated_deltanet+bilstm,,1,11.6583,648.03,12.1824,43,5.328,93891,True,False,60
rul_ar,FD001,titans,,0,16.5403,584.38,15.5256,30,5.837,9338,True,False,45
rul_ar,FD004,titans,,0,14.6949,1031.15,14.0885,28,18.109,9338,True,False,45
rul_ar,FD001,no_no_yes,,0,13.8238,432.52,14.3005,30,0.676,142689,True,False,60
rul_ar,FD004,no_no_yes,,0,13.5084,950.75,13.3834,30,2.453,142689,True,False,60
rul_ar,FD001,yes_yes_yes,,0,14.5935,470.71,12.2184,19,2.501,48993,True,False,45
rul_ar,FD004,yes_yes_yes,,0,14.0194,1214.8,12.1879,20,7.394,48993,True,False,45
rul_ar,FD001,titans+bilstm,,0,10.9863,172.61,10.5666,29,8.182,223687,True,False,60
rul_ar,FD004,titans+bilstm,,0,11.2526,585.75,10.8473,17,25.466,223687,True,False,60
rul_ar,FD001,yes_yes_no,,0,9.5869,135.57,10.1924,55,2.925,11297,False,False,60
rul_ar,FD001,yes_yes_no,,0,9.5869,135.57,10.1924,30,3.647,11297,False,False,60
rul_ar,FD001,yes_yes_no,,0,9.5869,135.57,10.1924,39,3.341,11297,False,False,60
rul_ar,FD001,yes_yes_no,,1,10.4843,179.57,7.7672,74,2.999,11297,False,False,60
rul_ar,FD004,yes_yes_no,,0,11.504,586.74,10.1277,126,9.378,11297,False,False,60
rul_ar,FD004,yes_yes_no,,0,12.4268,722.13,11.5323,30,11.852,11297,False,False,60
rul_ar,FD004,yes_yes_no,,0,11.8945,586.25,10.3227,70,10.456,11297,False,False,60
rul_ar,FD004,yes_yes_no,,1,11.4637,546.67,11.0404,150,9.245,11297,False,False,60
rul_ar,FD001,yes_yes_yes,,0,11.1049,198.02,10.5227,36,5.157,94913,True,False,30
rul_ar,FD001,yes_yes_yes,,0,11.1049,198.02,10.5227,20,5.631,94913,True,False,30
rul_ar,FD001,yes_yes_yes,,1,12.2022,249.13,10.6113,45,5.191,94913,True,False,30
rul_ar,FD004,yes_yes_yes,,0,11.753,615.12,10.3867,67,15.406,94913,True,False,30
rul_ar,FD004,yes_yes_yes,,0,11.753,615.12,10.3867,51,17.038,94913,True,False,30
rul_ar,FD004,yes_yes_yes,,1,11.7202,576.5,11.1,52,15.157,94913,True,False,30
rul_ar,FD001,gated_deltanet+bilstm,,0,11.7447,327.52,12.4203,11,3.955,196323,True,False,45
rul_ar,FD001,gated_deltanet+bilstm,,0,11.7447,327.52,12.4203,17,3.514,196323,True,False,45
rul_ar,FD004,gated_deltanet+bilstm,,0,10.9994,533.5,10.3076,11,12.547,196323,True,False,45
rul_ar,FD004,gated_deltanet+bilstm,,0,10.9994,533.5,10.3076,17,10.664,196323,True,False,45
rul_ar,FD001,yes_yes_yes,,0,11.1901,217.35,10.1886,45,2.919,69249,True,False,30
rul_ar,FD001,yes_yes_yes,,0,11.1901,217.35,10.1886,23,3.897,69249,True,False,30
rul_ar,FD001,yes_yes_yes,,0,11.1901,217.35,10.1886,29,3.497,69249,True,False,30
rul_ar,FD001,yes_yes_yes,,1,12.5604,254.04,10.6257,39,2.909,69249,True,False,30
rul_ar,FD004,yes_yes_yes,,0,12.133,577.15,10.7247,67,8.975,69249,True,False,30
rul_ar,FD004,yes_yes_yes,,0,11.8423,549.29,10.783,30,10.654,69249,True,False,30
rul_ar,FD004,yes_yes_yes,,0,12.133,577.15,10.7247,51,10.233,69249,True,False,30
rul_ar,FD004,yes_yes_yes,,1,12.1383,596.57,11.0536,96,8.773,69249,True,False,30
rul_ar,FD001,gated_deltanet+bilstm,,0,10.9138,163.84,12.3472,26,2.078,93891,True,False,60
rul_ar,FD004,gated_deltanet+bilstm,,0,11.4077,689.51,10.436,37,6.633,93891,True,False,60
rul_ar,FD001,yes_yes_no,,0,9.6705,139.61,10.5465,34,4.798,172033,False,False,45
rul_ar,FD001,yes_yes_no,,0,9.6705,139.61,10.5465,12,5.144,172033,False,False,45
rul_ar,FD001,yes_yes_no,,0,9.6705,139.61,10.5465,18,4.905,172033,False,False,45
rul_ar,FD001,yes_yes_no,,1,10.8426,171.35,8.3581,41,4.77,172033,False,False,45
rul_ar,FD004,yes_yes_no,,0,12.2668,652.71,10.8031,63,14.259,172033,False,False,45
rul_ar,FD004,yes_yes_no,,0,11.7342,690.93,11.2483,19,16.225,172033,False,False,45
rul_ar,FD004,yes_yes_no,,0,12.2668,652.71,10.8031,47,15.155,172033,False,False,45
rul_ar,FD004,yes_yes_no,,1,11.946,623.64,11.8939,63,13.583,172033,False,False,45
rul_ar,FD001,titans+bilstm,,0,10.7809,168.95,12.6629,30,5.749,50682,False,False,60
rul_ar,FD004,titans+bilstm,,0,20.2752,4922.99,20.0398,30,18.396,50682,False,False,60
rul_ar,FD001,deltanet,,0,14.9688,362.05,17.4365,20,2.709,31011,False,False,60
rul_ar,FD004,deltanet,,0,18.6045,1952.51,15.38,30,8.679,31011,False,False,60
rul_ar,FD001,memora,,0,12.4699,315.8,11.3425,30,6.34,17639,False,False,30
rul_ar,FD004,memora,,0,17.9405,2521.45,17.3733,30,19.012,17639,False,False,30
rul_ar,FD001,yaad,,0,18.5709,834.6,17.0158,30,7.592,8679,False,False,45
rul_ar,FD004,yaad,,0,19.1829,2728.4,17.2848,30,22.098,8679,False,False,45
rul_ar,FD001,memora,,0,10.9421,189.51,11.4925,30,7.049,16269,True,False,45
rul_ar,FD001,memora,,0,10.9421,189.51,11.4925,42,6.654,16269,True,False,45
rul_ar,FD004,memora,,0,11.2384,607.84,10.4399,30,20.208,16269,True,False,45
rul_ar,FD004,memora,,0,11.4802,541.15,10.0513,48,19.751,16269,True,False,45
rul_ar,FD001,deltanet,,0,21.1662,1477.61,19.7819,20,4.815,41893,True,False,30
rul_ar,FD004,deltanet,,0,18.7352,2193.79,18.6655,30,14.124,41893,True,False,30
rul_ar,FD001,titans+bilstm,,0,16.8102,751.01,15.6589,27,2.221,162276,True,False,60
rul_ar,FD004,titans+bilstm,,0,16.2561,1973.94,14.5159,12,6.885,162276,True,False,60
rul_ar,FD001,titans,,0,20.288,1326.76,21.4442,30,4.255,32010,False,False,30
rul_ar,FD004,titans,,0,26.238,15057.43,25.383,30,12.812,32010,False,False,30
rul_ar,FD001,titans+bilstm,,0,10.466,161.48,10.0465,120,4.382,197348,True,False,60
rul_ar,FD001,titans+bilstm,,0,11.2565,201.52,10.2287,30,4.937,197348,True,False,60
rul_ar,FD001,titans+bilstm,,0,10.9762,181.95,10.2228,49,4.637,197348,True,False,60
rul_ar,FD001,titans+bilstm,,1,10.4272,178.39,8.3344,45,4.32,197348,True,False,60
rul_ar,FD004,titans+bilstm,,0,11.5211,678.57,10.2189,34,13.359,197348,True,False,60
rul_ar,FD004,titans+bilstm,,0,11.5211,678.57,10.2189,12,15.948,197348,True,False,60
rul_ar,FD004,titans+bilstm,,0,11.5211,678.57,10.2189,18,14.874,197348,True,False,60
rul_ar,FD004,titans+bilstm,,1,11.0042,551.28,11.3746,35,12.957,197348,True,False,60
rul_ar,FD001,no_no_yes,,0,16.4496,656.93,17.6973,28,0.446,142689,True,False,60
rul_ar,FD004,no_no_yes,,0,17.0177,1620.97,15.3139,30,1.311,142689,True,False,60
rul_ar,FD001,mamba2,,0,12.6564,254.61,12.6095,16,3.905,25671,True,False,30
rul_ar,FD004,mamba2,,0,13.0008,864.16,12.2632,15,12.131,25671,True,False,30
rul_ar,FD001,yaad,,0,12.4324,284.83,11.7074,30,2.722,30183,True,False,30
rul_ar,FD001,yaad,,0,10.3464,183.37,10.7146,70,2.765,30183,True,False,30
rul_ar,FD004,yaad,,0,13.1417,909.29,12.189,30,8.209,30183,True,False,30
rul_ar,FD004,yaad,,0,12.2578,612.51,11.8724,65,8.37,30183,True,False,30
rul_ar,FD001,deltanet,,0,13.7778,288.89,15.6245,30,7.727,12644,True,False,60
rul_ar,FD004,deltanet,,0,12.8623,804.48,13.377,30,24.112,12644,True,False,60
rul_ar,FD001,deltanet,,0,14.3322,333.6,13.5152,30,5.218,6499,True,False,45
rul_ar,FD004,deltanet,,0,12.3621,692.75,11.0354,28,16.03,6499,True,False,45
rul_ar,FD001,yaad,,0,10.8549,184.13,11.5975,70,2.614,12663,True,False,30
rul_ar,FD004,yaad,,0,13.1368,1051.22,11.3154,53,7.608,12663,True,False,30
rul_ar,FD001,titans+bilstm,,0,15.1754,488.37,13.5952,30,7.268,149863,True,False,30
rul_ar,FD004,titans+bilstm,,0,15.0233,1310.0,13.6789,30,22.596,149863,True,False,30
rul_ar,FD001,linear_attn,,0,11.8252,181.81,11.5721,30,4.089,96068,True,False,60
rul_ar,FD001,linear_attn,,0,11.8252,181.81,11.5721,43,3.716,96068,True,False,60
rul_ar,FD004,linear_attn,,0,11.4241,673.21,11.6753,15,13.38,96068,True,False,60
rul_ar,FD004,linear_attn,,0,11.4241,673.21,11.6753,21,11.947,96068,True,False,60
rul_ar,FD001,deltanet,,0,15.3519,407.78,14.5032,30,9.726,108933,True,False,45
rul_ar,FD004,deltanet,,0,16.2093,2235.18,14.0225,30,30.836,108933,True,False,45
rul_ar,FD001,deltanet,,0,17.4878,565.65,19.3487,30,5.518,22691,False,False,60
rul_ar,FD004,deltanet,,0,23.0281,4818.48,19.8796,30,17.42,22691,False,False,60
rul_ar,FD001,yes_yes_no,,0,13.5612,366.49,12.5662,30,3.089,70497,True,False,60
rul_ar,FD004,yes_yes_no,,0,14.1771,1225.0,12.1149,22,7.857,70497,True,False,60
rul_ar,FD001,gated_deltanet+bilstm,,0,10.707,198.54,10.1473,37,3.3,196323,True,False,45
rul_ar,FD001,gated_deltanet+bilstm,,0,10.707,198.54,10.1473,21,3.601,196323,True,False,45
rul_ar,FD001,gated_deltanet+bilstm,,1,11.4281,236.05,9.4933,36,3.297,196323,True,False,45
rul_ar,FD004,gated_deltanet+bilstm,,0,11.4559,627.78,10.324,32,10.191,196323,True,False,45
rul_ar,FD004,gated_deltanet+bilstm,,0,11.4559,627.78,10.324,16,10.912,196323,True,False,45
rul_ar,FD004,gated_deltanet+bilstm,,1,11.8846,649.73,11.0518,38,10.019,196323,True,False,45
rul_ar,FD001,yes_yes_yes,,0,14.068,396.8,12.3824,21,2.126,52161,True,False,45
rul_ar,FD004,yes_yes_yes,,0,13.558,912.26,12.044,29,6.417,52161,True,False,45
rul_ar,FD001,titans,,0,15.4397,404.3,19.0174,30,17.119,59757,True,False,60
rul_ar,FD004,titans,,0,18.9219,2327.53,17.297,30,52.267,59757,True,False,60
rul_ar,FD001,memora,,0,18.8618,789.88,19.8186,22,11.863,26634,True,False,60
rul_ar,FD004,memora,,0,16.8051,1568.13,15.8884,26,37.775,26634,True,False,60
rul_ar,FD001,moneta,,0,16.3456,594.66,18.9877,30,15.722,24953,True,False,60
rul_ar,FD004,moneta,,0,16.5728,1794.72,16.9723,24,50.989,24953,True,False,60
rul_ar,FD001,no_no_yes,,0,11.996,267.76,10.9261,25,0.564,43585,False,False,30
rul_ar,FD004,no_no_yes,,0,15.109,1040.92,13.8352,30,1.678,43585,False,False,30
rul_ar,FD001,linear_attn,,0,14.0664,330.4,15.1001,25,9.8,109893,False,False,60
rul_ar,FD004,linear_attn,,0,18.8745,3646.2,19.0866,30,29.423,109893,False,False,60
rul_ar,FD001,moneta,,0,22.7578,1770.55,26.4737,30,4.351,6773,True,False,60
rul_ar,FD004,moneta,,0,22.8372,4770.86,23.6068,30,13.355,6773,True,False,60
rul_ar,FD001,yes_no_yes,,0,14.2075,369.9,13.2192,18,2.592,152529,False,False,60
rul_ar,FD004,yes_no_yes,,0,16.4245,1605.5,15.5021,30,7.903,152529,False,False,60
rul_ar,FD001,titans+bilstm,,0,10.2072,161.0,10.0174,87,2.443,209732,True,False,60
rul_ar,FD001,titans+bilstm,,0,10.2072,161.0,10.0174,70,2.399,209732,True,False,60
rul_ar,FD001,titans+bilstm,,1,11.5409,204.81,8.2761,88,2.456,209732,True,False,60
rul_ar,FD004,titans+bilstm,,0,11.3442,671.99,10.7066,37,7.617,209732,True,False,60
rul_ar,FD004,titans+bilstm,,0,11.3442,671.99,10.7066,21,7.043,209732,True,False,60
rul_ar,FD004,titans+bilstm,,1,11.0016,575.93,11.0296,35,7.721,209732,True,False,60
rul_ar,FD001,mamba2,,0,15.6367,380.49,13.8117,20,6.057,30597,True,False,45
rul_ar,FD004,mamba2,,0,14.5782,1047.18,13.9939,18,18.89,30597,True,False,45
rul_ar,FD001,titans+bilstm,,0,11.1374,171.92,12.476,30,4.073,44743,False,False,60
rul_ar,FD004,titans+bilstm,,0,17.3126,2577.24,17.8069,30,13.432,44743,False,False,60
rul_ar,FD001,moneta,,0,15.4345,384.23,15.3292,30,4.397,82373,False,False,60
rul_ar,FD004,moneta,,0,18.1714,1779.32,17.6479,30,13.274,82373,False,False,60
rul_ar,FD001,gated_deltanet,,0,11.5795,227.1,10.7064,23,5.5,30117,False,False,30
rul_ar,FD001,gated_deltanet,,0,11.5795,227.1,10.7064,29,5.268,30117,False,False,30
rul_ar,FD004,gated_deltanet,,0,14.3663,958.45,12.2619,30,16.635,30117,False,False,30
rul_ar,FD004,gated_deltanet,,0,14.3663,958.45,12.2619,40,15.635,30117,False,False,30
rul_ar,FD001,yaad+bilstm,,0,18.6156,839.94,16.6109,29,3.463,246535,True,False,30
rul_ar,FD004,yaad+bilstm,,0,20.1151,4261.53,18.8209,21,9.995,246535,True,False,30
rul_ar,FD001,linear_attn,,0,14.1084,258.24,12.6552,30,3.673,32292,False,False,45
rul_ar,FD004,linear_attn,,0,14.3046,1412.56,14.3279,30,11.753,32292,False,False,45
rul_ar,FD001,linear_attn,,0,20.8072,1662.27,17.9012,16,2.409,11650,True,False,30
rul_ar,FD004,linear_attn,,0,19.394,2514.2,18.5962,19,7.6,11650,True,False,30
rul_ar,FD001,yes_yes_no,,0,9.5869,135.57,10.1924,75,3.265,11297,False,False,60
rul_ar,FD001,yes_yes_no,,1,10.4843,179.57,7.7672,94,3.313,11297,False,False,60
rul_ar,FD001,yes_yes_no,,2,11.3221,200.21,8.6018,113,3.346,11297,False,False,60
rul_ar,FD002,yes_yes_no,,0,11.3392,509.49,10.9174,118,8.144,11297,False,False,60
rul_ar,FD002,yes_yes_no,,1,12.3366,757.74,10.754,145,7.053,11297,False,False,60
rul_ar,FD002,yes_yes_no,,2,12.7179,1048.95,9.6706,200,6.834,11297,False,False,60
rul_ar,FD003,yes_yes_no,,0,9.993,178.78,7.9218,83,4.865,11297,False,False,60
rul_ar,FD003,yes_yes_no,,1,10.0392,180.7,6.587,91,4.856,11297,False,False,60
rul_ar,FD003,yes_yes_no,,2,9.4548,168.44,6.7118,87,3.771,11297,False,False,60
rul_ar,FD004,yes_yes_no,,0,11.504,586.74,10.1277,146,10.242,11297,False,False,60
rul_ar,FD004,yes_yes_no,,1,11.4637,546.67,11.0404,186,8.448,11297,False,False,60
rul_ar,FD004,yes_yes_no,,2,11.1598,614.66,9.6314,118,8.274,11297,False,False,60
rul_ar,FD001,titans+bilstm,,0,10.466,161.48,10.0465,140,4.357,197348,True,False,60
rul_ar,FD001,titans+bilstm,,1,10.4272,178.39,8.3344,65,4.164,197348,True,False,60
rul_ar,FD001,titans+bilstm,,2,10.2993,140.45,8.4911,57,3.936,197348,True,False,60
rul_ar,FD002,titans+bilstm,,0,9.9389,374.64,10.2404,52,12.651,197348,True,False,60
rul_ar,FD002,titans+bilstm,,1,10.4294,484.76,10.653,56,10.282,197348,True,False,60
rul_ar,FD002,titans+bilstm,,2,10.6887,476.06,9.9022,58,9.573,197348,True,False,60
rul_ar,FD003,titans+bilstm,,0,10.4661,217.7,6.613,58,5.32,197348,True,False,60
rul_ar,FD003,titans+bilstm,,1,11.1685,261.52,6.6779,64,5.347,197348,True,False,60
rul_ar,FD003,titans+bilstm,,2,10.2643,213.0,7.3546,56,5.626,197348,True,False,60
rul_ar,FD004,titans+bilstm,,0,11.5211,678.57,10.2189,54,13.4,197348,True,False,60
rul_ar,FD004,titans+bilstm,,1,11.0042,551.28,11.3746,55,12.502,197348,True,False,60
rul_ar,FD004,titans+bilstm,,2,10.9298,549.0,9.2702,52,11.97,197348,True,False,60
rul_ar,FD001,titans+bilstm,,0,10.2072,161.0,10.0174,107,2.847,209732,True,False,60
rul_ar,FD001,titans+bilstm,,1,11.5409,204.81,8.2761,108,2.863,209732,True,False,60
rul_ar,FD001,titans+bilstm,,2,10.3192,159.47,8.838,70,2.909,209732,True,False,60
rul_ar,FD002,titans+bilstm,,0,9.922,369.1,10.2458,54,6.182,209732,True,False,60
rul_ar,FD002,titans+bilstm,,1,10.1386,450.7,10.6869,57,6.216,209732,True,False,60
rul_ar,FD002,titans+bilstm,,2,11.0051,579.52,9.8707,66,5.978,209732,True,False,60
rul_ar,FD003,titans+bilstm,,0,11.2075,295.61,6.6933,60,2.858,209732,True,False,60
rul_ar,FD003,titans+bilstm,,1,10.8385,295.34,6.8259,60,2.826,209732,True,False,60
rul_ar,FD003,titans+bilstm,,2,11.0297,291.24,8.1059,61,2.974,209732,True,False,60
rul_ar,FD004,titans+bilstm,,0,11.3442,671.99,10.7066,57,9.017,209732,True,False,60
rul_ar,FD004,titans+bilstm,,1,11.0016,575.93,11.0296,55,8.576,209732,True,False,60
rul_ar,FD004,titans+bilstm,,2,10.9496,629.66,9.1747,54,6.344,209732,True,False,60
rul_ar2,FD001,gated_deltanet+bilstm,,0,13.3113,280.77,12.6156,18,1.443,93891,True,False,60
rul_ar2,FD001,gated_deltanet+bilstm,,0,12.7776,238.52,12.607,41,1.984,93891,True,False,60
rul_ar2,FD004,gated_deltanet+bilstm,,0,14.4211,1091.21,15.1922,12,4.425,93891,True,False,60
rul_ar2,FD004,gated_deltanet+bilstm,,0,14.4211,1091.21,15.1922,18,5.133,93891,True,False,60
rul_ar2,FD001,titans,,0,16.2769,561.44,15.3512,30,4.287,9338,True,False,45
rul_ar2,FD004,titans,,0,13.5022,976.85,13.6672,30,12.993,9338,True,False,45
rul_ar2,FD001,no_no_yes,,0,13.4816,338.83,12.603,74,0.568,142689,True,False,60
rul_ar2,FD001,no_no_yes,,0,14.0782,278.89,12.9308,30,0.553,142689,True,False,60
rul_ar2,FD001,no_no_yes,,0,13.4816,338.83,12.603,58,0.959,142689,True,False,60
rul_ar2,FD001,no_no_yes,,1,14.6106,332.86,9.5062,91,0.584,142689,True,False,60
rul_ar2,FD004,no_no_yes,,0,13.4529,921.4,13.1165,64,1.744,142689,True,False,60
rul_ar2,FD004,no_no_yes,,0,13.839,1052.91,13.3591,30,1.693,142689,True,False,60
rul_ar2,FD004,no_no_yes,,0,13.4529,921.4,13.1165,48,2.724,142689,True,False,60
rul_ar2,FD004,no_no_yes,,1,13.2521,905.51,12.1482,84,1.834,142689,True,False,60
rul_ar2,FD001,yes_yes_yes,,0,14.6659,409.04,12.4295,39,1.642,48993,True,False,45
rul_ar2,FD001,yes_yes_yes,,0,14.6659,409.04,12.4295,17,1.754,48993,True,False,45
rul_ar2,FD001,yes_yes_yes,,0,14.6659,409.04,12.4295,23,2.09,48993,True,False,45
rul_ar2,FD001,yes_yes_yes,,1,15.1033,386.79,10.8935,52,1.681,48993,True,False,45
rul_ar2,FD004,yes_yes_yes,,0,14.8296,1245.49,13.0915,49,5.1,48993,True,False,45
rul_ar2,FD004,yes_yes_yes,,0,14.8296,1245.49,13.0915,27,5.287,48993,True,False,45
rul_ar2,FD004,yes_yes_yes,,0,14.8296,1245.49,13.0915,33,5.389,48993,True,False,45
rul_ar2,FD004,yes_yes_yes,,1,14.7692,1214.81,13.2247,46,5.109,48993,True,False,45
rul_ar2,FD001,yes_yes_no,,0,13.9892,364.76,11.2929,67,1.963,70497,True,False,60
rul_ar2,FD001,yes_yes_no,,0,13.1156,330.28,11.3392,36,2.713,70497,True,False,60
rul_ar2,FD001,yes_yes_no,,1,14.1354,365.61,9.715,71,2.043,70497,True,False,60
rul_ar2,FD004,yes_yes_no,,0,13.3508,1031.52,13.3912,79,6.092,70497,True,False,60
rul_ar2,FD004,yes_yes_no,,0,13.3508,1031.52,13.3912,63,6.708,70497,True,False,60
rul_ar2,FD004,yes_yes_no,,1,13.6472,1048.67,12.7,54,5.415,70497,True,False,60
rul_ar2,FD001,yes_yes_no,,0,11.6482,193.32,12.3847,30,2.374,11297,False,False,60
rul_ar2,FD004,yes_yes_no,,0,15.971,1062.82,16.9393,30,15.308,11297,False,False,60
rul_ar2,FD001,yes_yes_yes,,0,14.925,392.15,11.7185,48,1.611,58497,True,False,45
rul_ar2,FD001,yes_yes_yes,,0,14.925,392.15,11.7185,32,1.821,58497,True,False,45
rul_ar2,FD001,yes_yes_yes,,1,13.9592,351.2,11.1324,52,1.649,58497,True,False,45
rul_ar2,FD004,yes_yes_yes,,0,13.7128,1170.49,13.1114,48,4.887,58497,True,False,45
rul_ar2,FD004,yes_yes_yes,,0,13.7128,1170.49,13.1114,32,5.739,58497,True,False,45
rul_ar2,FD004,yes_yes_yes,,1,14.0318,1125.81,12.8301,51,4.689,58497,True,False,45
rul_ar2,FD001,gated_deltanet+bilstm,,0,13.53,330.87,12.7417,12,2.727,196323,True,False,45
rul_ar2,FD001,gated_deltanet+bilstm,,0,13.53,330.87,12.7417,18,3.548,196323,True,False,45
rul_ar2,FD004,gated_deltanet+bilstm,,0,14.5087,801.02,15.5537,12,8.355,196323,True,False,45
rul_ar2,FD004,gated_deltanet+bilstm,,0,14.5087,801.02,15.5537,18,10.799,196323,True,False,45
rul_ar2,FD001,yes_yes_yes,,0,13.6513,329.3,14.1237,13,4.018,69249,True,False,30
rul_ar2,FD004,yes_yes_yes,,0,15.0031,1008.6,15.9338,20,11.97,69249,True,False,30
rul_ar2,FD001,yes_yes_yes,,0,14.48,418.85,11.9062,54,1.945,52337,True,False,45
rul_ar2,FD001,yes_yes_yes,,0,14.48,418.85,11.9062,38,2.326,52337,True,False,45
rul_ar2,FD001,yes_yes_yes,,1,14.2616,349.18,9.9816,64,1.988,52337,True,False,45
rul_ar2,FD004,yes_yes_yes,,0,13.4745,884.86,13.3275,50,5.839,52337,True,False,45
rul_ar2,FD004,yes_yes_yes,,0,13.4745,884.86,13.3275,34,6.296,52337,True,False,45
rul_ar2,FD004,yes_yes_yes,,1,13.3928,930.77,12.3129,69,5.807,52337,True,False,45
rul_ar2,FD001,yes_yes_no,,0,11.8423,212.1,12.649,13,3.679,172033,False,False,45
rul_ar2,FD004,yes_yes_no,,0,15.3289,954.74,16.014,22,10.79,172033,False,False,45
rul_ar2,FD001,titans+bilstm,,0,13.4414,247.2,14.8365,30,4.967,50682,False,False,60
rul_ar2,FD004,titans+bilstm,,0,24.721,10042.78,22.9228,30,14.568,50682,False,False,60
rul_ar2,FD001,deltanet,,0,15.8678,332.84,15.4754,16,2.153,31011,False,False,60
rul_ar2,FD004,deltanet,,0,17.4198,1999.22,15.4479,29,6.455,31011,False,False,60
rul_ar2,FD001,memora,,0,15.9024,541.63,15.9918,30,4.455,17639,False,False,30
rul_ar2,FD004,memora,,0,20.0379,2064.27,20.0821,30,13.367,17639,False,False,30
rul_ar2,FD001,yaad,,0,15.3758,458.24,13.298,30,5.357,8679,False,False,45
rul_ar2,FD004,yaad,,0,17.3321,2347.24,15.5921,30,16.109,8679,False,False,45
rul_ar2,FD001,memora,,0,12.9958,240.92,13.7508,30,5.607,16269,True,False,45
rul_ar2,FD004,memora,,0,15.5265,959.34,16.5818,30,16.022,16269,True,False,45
rul_ar2,FD001,deltanet,,0,17.4796,685.43,15.811,30,3.269,41893,True,False,30
rul_ar2,FD004,deltanet,,0,16.1261,1510.15,15.8143,30,9.609,41893,True,False,30
rul_ar2,FD001,titans+bilstm,,0,14.8911,426.26,11.6799,30,1.859,162276,True,False,60
rul_ar2,FD001,titans+bilstm,,0,14.8911,426.26,11.6799,40,2.348,162276,True,False,60
rul_ar2,FD004,titans+bilstm,,0,14.0089,1343.02,14.1195,17,5.511,162276,True,False,60
rul_ar2,FD004,titans+bilstm,,0,14.0089,1343.02,14.1195,23,7.36,162276,True,False,60
rul_ar2,FD001,titans,,0,19.1068,1331.48,18.9485,30,3.57,32010,False,False,30
rul_ar2,FD004,titans,,0,25.3175,18183.22,21.7917,30,10.785,32010,False,False,30
rul_ar2,FD001,titans+bilstm,,0,12.878,205.46,13.0823,13,3.719,197348,True,False,60
rul_ar2,FD004,titans+bilstm,,0,14.8337,890.22,15.9092,9,11.309,197348,True,False,60
rul_ar2,FD001,no_no_yes,,0,14.1293,268.02,12.9769,26,0.373,142689,True,False,60
rul_ar2,FD001,no_no_yes,,0,14.1293,268.02,12.9769,32,0.854,142689,True,False,60
rul_ar2,FD004,no_no_yes,,0,14.2637,1300.41,13.287,30,1.094,142689,True,False,60
rul_ar2,FD004,no_no_yes,,0,14.2637,1300.41,13.287,43,2.453,142689,True,False,60
rul_ar2,FD001,mamba2,,0,14.9097,401.75,15.381,30,3.18,25671,True,False,30
rul_ar2,FD004,mamba2,,0,16.7364,1106.06,17.1445,18,9.32,25671,True,False,30
rul_ar2,FD001,yaad,,0,14.8214,374.44,15.3618,30,2.398,30183,True,False,30
rul_ar2,FD004,yaad,,0,16.338,1637.98,17.4835,30,7.129,30183,True,False,30
rul_ar2,FD001,deltanet,,0,16.2738,423.58,17.51,30,5.174,12644,True,False,60
rul_ar2,FD004,deltanet,,0,16.069,1012.75,17.8767,30,18.854,12644,True,False,60
rul_ar2,FD001,deltanet,,0,14.9508,314.87,15.9625,30,3.826,6499,True,False,45
rul_ar2,FD004,deltanet,,0,16.7629,1314.96,17.5267,30,11.067,6499,True,False,45
rul_ar2,FD001,titans+bilstm,,0,15.1898,454.27,12.2591,30,4.691,149863,True,False,30
rul_ar2,FD001,titans+bilstm,,0,15.1898,454.27,12.2591,37,5.265,149863,True,False,30
rul_ar2,FD004,titans+bilstm,,0,14.7469,1311.12,14.397,30,17.736,149863,True,False,30
rul_ar2,FD004,titans+bilstm,,0,14.7469,1311.12,14.397,36,14.567,149863,True,False,30
rul_ar2,FD001,linear_attn,,0,14.0064,280.5,14.1347,22,3.952,96068,True,False,60
rul_ar2,FD004,linear_attn,,0,14.8529,983.04,15.7998,24,10.167,96068,True,False,60
rul_ar2,FD001,deltanet,,0,15.4254,409.58,14.239,30,7.034,108933,True,False,45
rul_ar2,FD004,deltanet,,0,15.533,1475.81,14.8238,26,21.696,108933,True,False,45
rul_ar2,FD001,deltanet,,0,15.6757,375.03,14.3884,30,3.938,22691,False,False,60
rul_ar2,FD004,deltanet,,0,18.8798,3283.38,16.8232,30,12.25,22691,False,False,60
rul_ar2,FD001,yes_yes_no,,0,13.6305,352.37,11.5949,56,2.191,70497,True,False,60
rul_ar2,FD001,yes_yes_no,,0,13.6305,352.37,11.5949,30,2.33,70497,True,False,60
rul_ar2,FD001,yes_yes_no,,0,13.6305,352.37,11.5949,40,2.702,70497,True,False,60
rul_ar2,FD001,yes_yes_no,,1,14.9567,482.31,9.8037,68,2.24,70497,True,False,60
rul_ar2,FD004,yes_yes_no,,0,14.8349,1703.14,13.5308,66,6.793,70497,True,False,60
rul_ar2,FD004,yes_yes_no,,0,14.7709,1689.82,13.9599,30,6.411,70497,True,False,60
rul_ar2,FD004,yes_yes_no,,0,14.8349,1703.14,13.5308,50,6.206,70497,True,False,60
rul_ar2,FD004,yes_yes_no,,1,13.6811,937.19,12.8856,44,5.966,70497,True,False,60
rul_ar2,FD001,yes_yes_yes,,0,15.6028,457.52,11.7542,59,1.544,52161,True,False,45
rul_ar2,FD001,yes_yes_yes,,0,14.609,348.63,11.7808,26,1.693,52161,True,False,45
rul_ar2,FD001,yes_yes_yes,,0,15.6028,457.52,11.7542,43,2.225,52161,True,False,45
rul_ar2,FD001,yes_yes_yes,,1,14.1858,351.13,10.6288,52,1.603,52161,True,False,45
rul_ar2,FD004,yes_yes_yes,,0,13.462,925.41,13.3554,48,4.774,52161,True,False,45
rul_ar2,FD004,yes_yes_yes,,0,13.462,925.41,13.3554,26,4.727,52161,True,False,45
rul_ar2,FD004,yes_yes_yes,,0,13.462,925.41,13.3554,32,6.76,52161,True,False,45
rul_ar2,FD004,yes_yes_yes,,1,14.0525,1127.52,12.9106,57,4.748,52161,True,False,45
rul_ar2,FD001,titans,,0,16.141,438.84,18.0552,30,11.721,59757,True,False,60
rul_ar2,FD004,titans,,0,20.3926,3720.21,18.2323,30,39.303,59757,True,False,60
rul_ar2,FD001,memora,,0,15.3183,389.36,14.5875,30,8.81,26634,True,False,60
rul_ar2,FD004,memora,,0,15.83,2007.09,13.7875,30,26.916,26634,True,False,60
rul_ar2,FD001,moneta,,0,14.4988,397.99,14.1059,30,11.766,24953,True,False,60
rul_ar2,FD001,moneta,,0,14.4988,397.99,14.1059,42,12.179,24953,True,False,60
rul_ar2,FD004,moneta,,0,14.2863,1208.6,14.0898,26,36.934,24953,True,False,60
rul_ar2,FD004,moneta,,0,14.2863,1208.6,14.0898,32,35.219,24953,True,False,60
rul_ar2,FD001,no_no_yes,,0,14.0207,281.84,14.7548,20,0.56,43585,False,False,30
rul_ar2,FD004,no_no_yes,,0,20.2586,3038.06,19.6218,20,1.604,43585,False,False,30
rul_ar2,FD001,linear_attn,,0,15.343,406.91,15.6451,20,8.62,109893,False,False,60
rul_ar2,FD004,linear_attn,,0,19.4111,2597.16,18.6034,30,25.343,109893,False,False,60
rul_ar2,FD001,gated_deltanet+bilstm,,0,15.7888,366.96,14.6214,22,2.744,144963,True,False,30
rul_ar2,FD004,gated_deltanet+bilstm,,0,15.6058,974.37,16.6356,17,8.03,144963,True,False,30
rul_ar2,FD001,moneta,,0,21.9584,1689.81,22.0064,30,3.093,6773,True,False,60
rul_ar2,FD004,moneta,,0,20.8299,4371.64,20.2703,30,9.567,6773,True,False,60
rul_ar2,FD001,yes_no_yes,,0,14.9938,395.12,12.7771,30,3.451,152529,False,False,60
rul_ar2,FD004,yes_no_yes,,0,16.4123,1665.36,16.1549,30,10.18,152529,False,False,60
rul_ar2,FD001,yes_yes_yes,,0,14.6781,342.44,11.581,70,1.191,47761,True,False,45
rul_ar2,FD001,yes_yes_yes,,0,14.6781,342.44,11.581,54,1.124,47761,True,False,45
rul_ar2,FD001,yes_yes_yes,,1,14.7949,407.39,10.2219,78,1.219,47761,True,False,45
rul_ar2,FD004,yes_yes_yes,,0,13.7318,1206.74,13.574,53,3.635,47761,True,False,45
rul_ar2,FD004,yes_yes_yes,,0,13.7318,1206.74,13.574,37,3.296,47761,True,False,45
rul_ar2,FD004,yes_yes_yes,,1,13.9257,1190.87,12.4094,99,3.404,47761,True,False,45
rul_ar2,FD001,mamba2,,0,14.8598,351.48,13.5084,24,3.922,30597,True,False,45
rul_ar2,FD004,mamba2,,0,16.0012,2054.16,14.8294,19,13.966,30597,True,False,45
rul_ar2,FD001,titans+bilstm,,0,14.486,290.72,14.9757,30,3.409,44743,False,False,60
rul_ar2,FD004,titans+bilstm,,0,20.7432,3075.12,20.7196,30,10.631,44743,False,False,60
rul_ar2,FD001,moneta,,0,15.1746,386.5,14.277,30,2.888,82373,False,False,60
rul_ar2,FD004,moneta,,0,18.473,2180.77,17.474,28,10.695,82373,False,False,60
rul_ar2,FD001,gated_deltanet,,0,13.0836,236.75,14.4807,26,4.786,30117,False,False,30
rul_ar2,FD004,gated_deltanet,,0,16.9544,1338.57,17.4907,30,13.978,30117,False,False,30
rul_ar2,FD001,yaad+bilstm,,0,17.0035,647.36,14.6882,30,2.562,246535,True,False,30
rul_ar2,FD004,yaad+bilstm,,0,18.9456,4292.75,16.9563,18,7.653,246535,True,False,30
rul_ar2,FD001,linear_attn,,0,14.2489,309.1,14.0668,30,2.588,32292,False,False,45
rul_ar2,FD004,linear_attn,,0,17.4676,1804.25,18.7675,30,7.962,32292,False,False,45
rul_ar2,FD001,linear_attn,,0,15.5164,446.99,14.2237,22,1.748,11650,True,False,30
rul_ar2,FD004,linear_attn,,0,16.7918,2362.57,15.4925,30,5.212,11650,True,False,30
rul_ar2,FD001,no_no_yes,,0,14.2857,345.84,12.5526,125,0.786,142689,True,False,60
rul_ar2,FD001,no_no_yes,,1,14.6106,332.86,9.5062,111,0.808,142689,True,False,60
rul_ar2,FD001,no_no_yes,,2,14.453,322.39,11.5373,111,0.811,142689,True,False,60
rul_ar2,FD001,no_no_yes,,3,13.7891,377.13,11.0446,120,0.783,142689,True,False,60
rul_ar2,FD001,no_no_yes,,4,14.1786,384.09,11.8817,110,0.792,142689,True,False,60
rul_ar2,FD002,no_no_yes,,0,12.5991,674.27,12.9459,109,2.208,142689,True,False,60
rul_ar2,FD002,no_no_yes,,1,12.7426,660.83,13.2533,140,2.284,142689,True,False,60
rul_ar2,FD002,no_no_yes,,2,12.2005,758.95,13.0336,99,2.191,142689,True,False,60
rul_ar2,FD002,no_no_yes,,3,12.3173,743.94,13.0834,87,1.805,142689,True,False,60
rul_ar2,FD002,no_no_yes,,4,11.8669,647.0,12.2973,117,1.712,142689,True,False,60
rul_ar2,FD003,no_no_yes,,0,14.818,552.42,13.089,108,1.04,142689,True,False,60
rul_ar2,FD003,no_no_yes,,1,13.3885,419.31,10.8231,126,1.091,142689,True,False,60
rul_ar2,FD003,no_no_yes,,2,13.0991,362.19,11.461,109,1.118,142689,True,False,60
rul_ar2,FD003,no_no_yes,,3,13.512,446.74,10.7967,112,1.049,142689,True,False,60
rul_ar2,FD003,no_no_yes,,4,13.9671,877.72,11.6317,86,1.058,142689,True,False,60
rul_ar2,FD004,no_no_yes,,0,13.7092,1039.32,13.0337,128,2.559,142689,True,False,60
rul_ar2,FD004,no_no_yes,,1,13.2521,905.51,12.1482,104,2.177,142689,True,False,60
rul_ar2,FD004,no_no_yes,,2,13.8397,991.98,12.172,97,1.991,142689,True,False,60
rul_ar2,FD004,no_no_yes,,3,14.6734,1357.62,15.9586,140,2.021,142689,True,False,60
rul_ar2,FD004,no_no_yes,,4,13.3654,968.1,13.2729,124,1.575,142689,True,False,60
rul_ar2,FD001,yes_yes_no,,0,13.9892,364.76,11.2929,87,2.356,70497,True,False,60
rul_ar2,FD001,yes_yes_no,,1,14.1354,365.61,9.715,91,2.427,70497,True,False,60
rul_ar2,FD001,yes_yes_no,,2,15.6475,421.64,11.1973,140,2.081,70497,True,False,60
rul_ar2,FD001,yes_yes_no,,3,13.5663,367.3,11.5987,79,1.984,70497,True,False,60
rul_ar2,FD001,yes_yes_no,,4,13.3435,332.38,11.6304,93,1.951,70497,True,False,60
rul_ar2,FD002,yes_yes_no,,0,12.5073,687.51,11.7475,118,5.931,70497,True,False,60
rul_ar2,FD002,yes_yes_no,,1,12.8553,674.48,12.6815,75,5.071,70497,True,False,60
rul_ar2,FD002,yes_yes_no,,2,12.4419,741.74,13.5441,88,4.187,70497,True,False,60
rul_ar2,FD002,yes_yes_no,,3,12.8054,769.66,12.9094,95,4.245,70497,True,False,60
rul_ar2,FD002,yes_yes_no,,4,12.5388,774.28,12.1739,177,4.206,70497,True,False,60
rul_ar2,FD003,yes_yes_no,,0,13.3329,357.93,11.3151,87,2.782,70497,True,False,60
rul_ar2,FD003,yes_yes_no,,1,12.4196,269.49,10.813,92,2.875,70497,True,False,60
rul_ar2,FD003,yes_yes_no,,2,12.1853,278.6,11.1858,117,2.937,70497,True,False,60
rul_ar2,FD003,yes_yes_no,,3,12.8253,276.72,9.9181,78,2.373,70497,True,False,60
rul_ar2,FD003,yes_yes_no,,4,12.3665,297.08,10.303,118,2.099,70497,True,False,60
rul_ar2,FD004,yes_yes_no,,0,13.3508,1031.52,13.3912,99,7.289,70497,True,False,60
rul_ar2,FD004,yes_yes_no,,1,13.6472,1048.67,12.7,74,6.255,70497,True,False,60
rul_ar2,FD004,yes_yes_no,,2,13.8439,1123.85,12.4768,94,5.056,70497,True,False,60
rul_ar2,FD004,yes_yes_no,,3,13.9349,1490.81,15.3546,101,5.154,70497,True,False,60
rul_ar2,FD004,yes_yes_no,,4,13.7318,1391.36,13.2879,82,5.049,70497,True,False,60
rul_ar2,FD001,yes_yes_yes,,0,14.48,418.85,11.9062,74,2.265,52337,True,False,45
rul_ar2,FD001,yes_yes_yes,,1,14.2616,349.18,9.9816,84,2.278,52337,True,False,45
rul_ar2,FD001,yes_yes_yes,,2,14.6398,411.5,12.1073,81,2.281,52337,True,False,45
rul_ar2,FD001,yes_yes_yes,,3,14.4028,365.08,11.4965,73,2.205,52337,True,False,45
rul_ar2,FD001,yes_yes_yes,,4,14.7396,385.31,11.072,62,2.228,52337,True,False,45
rul_ar2,FD002,yes_yes_yes,,0,12.904,768.65,13.1095,66,6.092,52337,True,False,45
rul_ar2,FD002,yes_yes_yes,,1,13.2447,892.95,13.6352,98,5.593,52337,True,False,45
rul_ar2,FD002,yes_yes_yes,,2,12.9425,892.96,14.3082,95,4.996,52337,True,False,45
rul_ar2,FD002,yes_yes_yes,,3,13.123,782.48,13.6589,66,5.004,52337,True,False,45
rul_ar2,FD002,yes_yes_yes,,4,13.0414,1074.31,13.6551,80,5.019,52337,True,False,45
rul_ar2,FD003,yes_yes_yes,,0,14.1268,404.39,12.1045,63,2.766,52337,True,False,45
rul_ar2,FD003,yes_yes_yes,,1,14.6043,465.89,10.9543,111,2.817,52337,True,False,45
rul_ar2,FD003,yes_yes_yes,,2,13.3128,348.21,12.5264,76,2.576,52337,True,False,45
rul_ar2,FD003,yes_yes_yes,,3,13.644,339.15,8.9738,93,2.481,52337,True,False,45
rul_ar2,FD003,yes_yes_yes,,4,14.0131,394.01,11.7088,63,2.52,52337,True,False,45
rul_ar2,FD004,yes_yes_yes,,0,13.4745,884.86,13.3275,70,6.843,52337,True,False,45
rul_ar2,FD004,yes_yes_yes,,1,13.3928,930.77,12.3129,89,6.913,52337,True,False,45
rul_ar2,FD004,yes_yes_yes,,2,14.1363,953.59,13.0737,66,5.819,52337,True,False,45
rul_ar2,FD004,yes_yes_yes,,3,14.6692,1246.41,15.5843,123,5.982,52337,True,False,45
rul_ar2,FD004,yes_yes_yes,,4,13.8389,1309.32,13.3943,86,5.906,52337,True,False,45
rul_bl,FD001,bl:bilstm,,0,14.7357,392.21,12.9478,37,0.587,142865,False,False,45
rul_bl,FD001,bl:bilstm,,1,15.2209,416.52,10.8309,40,0.769,142865,False,False,45
rul_bl,FD001,bl:bilstm,,2,15.1513,357.38,13.3052,35,0.489,142865,False,False,45
rul_bl,FD001,bl:bilstm,,3,13.1943,257.28,12.893,47,0.51,142865,False,False,45
rul_bl,FD001,bl:bilstm,,4,14.1101,382.35,12.4525,47,0.83,142865,False,False,45
rul_bl,FD001,bl:bilstm,,5,15.1658,286.75,14.8352,35,0.615,142865,False,False,45
rul_bl,FD001,bl:bilstm,,6,14.9009,384.59,11.4475,41,0.739,142865,False,False,45
rul_bl,FD001,bl:bilstm,,7,14.2664,361.25,13.18,53,0.479,142865,False,False,45
rul_bl,FD001,bl:bilstm,,8,14.7144,296.74,14.5197,33,0.498,142865,False,False,45
rul_bl,FD001,bl:bilstm,,9,13.8755,314.49,14.8303,39,0.811,142865,False,False,45
rul_bl,FD001,bl:cnn_lstm,,0,17.0927,485.72,13.7505,32,0.341,33057,False,False,45
rul_bl,FD001,bl:cnn_lstm,,1,13.6128,308.59,12.478,37,0.337,33057,False,False,45
rul_bl,FD001,bl:cnn_lstm,,2,15.9817,488.44,14.2866,41,0.305,33057,False,False,45
rul_bl,FD001,bl:cnn_lstm,,3,15.0634,398.15,15.3528,34,0.295,33057,False,False,45
rul_bl,FD001,bl:cnn_lstm,,4,14.0225,275.86,12.6631,43,0.386,33057,False,False,45
rul_bl,FD001,bl:cnn_lstm,,5,15.6295,405.99,14.5398,35,0.36,33057,False,False,45
rul_bl,FD001,bl:cnn_lstm,,6,15.8178,367.17,12.4641,33,0.344,33057,False,False,45
rul_bl,FD001,bl:cnn_lstm,,7,15.1981,431.94,14.3928,36,0.264,33057,False,False,45
rul_bl,FD001,bl:cnn_lstm,,8,16.5835,543.91,14.0888,58,0.301,33057,False,False,45
rul_bl,FD001,bl:cnn_lstm,,9,16.3469,550.94,15.3654,40,0.368,33057,False,False,45
rul_bl,FD001,bl:dcnn,,0,12.7098,277.94,11.3842,59,1.126,79872,False,False,45
rul_bl,FD001,bl:dcnn,,1,12.7023,271.56,10.4482,78,1.817,79872,False,False,45
rul_bl,FD001,bl:dcnn,,2,13.5785,306.81,11.4318,107,0.773,79872,False,False,45
rul_bl,FD001,bl:dcnn,,3,13.6858,395.02,11.1045,147,1.157,79872,False,False,45
rul_bl,FD001,bl:dcnn,,4,13.5529,318.15,9.8664,88,1.724,79872,False,False,45
rul_bl,FD001,bl:dcnn,,5,13.1154,285.45,11.1404,79,1.222,79872,False,False,45
rul_bl,FD001,bl:dcnn,,6,13.2484,297.83,10.8705,106,1.653,79872,False,False,45
rul_bl,FD001,bl:dcnn,,7,12.786,290.27,11.8049,87,0.738,79872,False,False,45
rul_bl,FD001,bl:dcnn,,8,13.1936,278.09,11.5087,82,1.116,79872,False,False,45
rul_bl,FD001,bl:dcnn,,9,12.6418,250.82,12.2505,71,1.689,79872,False,False,45
rul_bl,FD001,bl:gru,,0,13.6463,310.61,12.3064,33,0.344,41425,False,False,45
rul_bl,FD001,bl:gru,,1,13.0852,246.49,10.9017,39,0.413,41425,False,False,45
rul_bl,FD001,bl:gru,,2,15.6699,355.37,12.8888,40,0.318,41425,False,False,45
rul_bl,FD001,bl:gru,,3,13.2459,250.41,12.7749,36,0.304,41425,False,False,45
rul_bl,FD001,bl:gru,,4,13.4194,266.35,12.129,43,0.433,41425,False,False,45
rul_bl,FD001,bl:gru,,5,13.5253,251.27,12.9795,37,0.369,41425,False,False,45
rul_bl,FD001,bl:gru,,6,14.8665,377.25,11.535,54,0.427,41425,False,False,45
rul_bl,FD001,bl:gru,,7,15.9231,491.67,15.0335,82,0.326,41425,False,False,45
rul_bl,FD001,bl:gru,,8,13.4611,256.56,12.8392,37,0.305,41425,False,False,45
rul_bl,FD001,bl:gru,,9,13.9458,353.23,13.6295,34,0.43,41425,False,False,45
rul_bl,FD001,bl:lstm,,0,14.7717,387.49,13.4058,37,0.341,55057,False,False,45
rul_bl,FD001,bl:lstm,,1,13.563,257.35,11.6713,35,0.444,55057,False,False,45
rul_bl,FD001,bl:lstm,,2,15.4129,368.15,13.878,35,0.302,55057,False,False,45
rul_bl,FD001,bl:lstm,,3,14.8272,376.14,13.925,48,0.317,55057,False,False,45
rul_bl,FD001,bl:lstm,,4,14.9412,337.08,13.6422,39,0.443,55057,False,False,45
rul_bl,FD001,bl:lstm,,5,14.8873,333.5,14.204,39,0.341,55057,False,False,45
rul_bl,FD001,bl:lstm,,6,14.7975,345.67,12.0382,40,0.441,55057,False,False,45
rul_bl,FD001,bl:lstm,,7,16.1494,512.41,14.0532,56,0.302,55057,False,False,45
rul_bl,FD001,bl:lstm,,8,16.4746,414.91,14.3615,47,0.327,55057,False,False,45
rul_bl,FD001,bl:lstm,,9,15.2026,479.07,15.386,52,0.443,55057,False,False,45
rul_bl,FD001,bl:mlp,,0,14.7547,374.33,12.3511,100,0.273,86801,False,False,45
rul_bl,FD001,bl:mlp,,1,14.1252,316.31,12.0345,64,0.224,86801,False,False,45
rul_bl,FD001,bl:mlp,,2,14.9055,410.74,13.2919,95,0.172,86801,False,False,45
rul_bl,FD001,bl:mlp,,3,13.9832,381.41,11.9914,146,0.184,86801,False,False,45
rul_bl,FD001,bl:mlp,,4,13.7491,303.15,12.7153,116,0.259,86801,False,False,45
rul_bl,FD001,bl:mlp,,5,13.8818,347.88,13.4922,83,0.273,86801,False,False,45
rul_bl,FD001,bl:mlp,,6,15.5797,485.84,12.1377,79,0.216,86801,False,False,45
rul_bl,FD001,bl:mlp,,7,13.357,303.74,12.7196,81,0.165,86801,False,False,45
rul_bl,FD001,bl:mlp,,8,14.2818,368.44,12.8636,80,0.193,86801,False,False,45
rul_bl,FD001,bl:mlp,,9,15.6825,392.21,13.2943,77,0.271,86801,False,False,45
rul_bl,FD001,bl:tcn,,0,14.6991,363.41,13.649,53,0.585,24001,False,False,45
rul_bl,FD001,bl:tcn,,1,14.657,315.82,12.3582,52,0.619,24001,False,False,45
rul_bl,FD001,bl:tcn,,2,15.5757,309.57,14.2865,58,0.564,24001,False,False,45
rul_bl,FD001,bl:tcn,,3,14.4713,320.69,16.0411,54,0.519,24001,False,False,45
rul_bl,FD001,bl:tcn,,4,14.4945,376.95,12.5623,110,0.624,24001,False,False,45
rul_bl,FD001,bl:tcn,,5,14.4777,317.47,14.3747,69,0.595,24001,False,False,45
rul_bl,FD001,bl:tcn,,6,15.1829,368.94,13.1706,64,0.593,24001,False,False,45
rul_bl,FD001,bl:tcn,,7,14.3529,309.42,15.2921,68,0.521,24001,False,False,45
rul_bl,FD001,bl:tcn,,8,15.0298,317.34,14.8528,45,0.536,24001,False,False,45
rul_bl,FD001,bl:tcn,,9,13.7127,279.52,15.4387,55,0.632,24001,False,False,45
rul_bl,FD002,bl:bilstm,,0,13.5355,782.41,13.8838,35,1.494,142865,True,False,45
rul_bl,FD002,bl:bilstm,,1,13.3984,707.09,14.7877,60,0.851,142865,True,False,45
rul_bl,FD002,bl:bilstm,,2,13.6581,844.67,15.4325,62,0.629,142865,True,False,45
rul_bl,FD002,bl:bilstm,,3,13.5343,740.09,14.9508,67,0.75,142865,True,False,45
rul_bl,FD002,bl:bilstm,,4,13.5084,807.62,14.6869,42,0.75,142865,True,False,45
rul_bl,FD002,bl:bilstm,,5,13.774,703.87,15.3994,50,1.257,142865,True,False,45
rul_bl,FD002,bl:bilstm,,6,13.1787,723.53,14.3614,44,0.783,142865,True,False,45
rul_bl,FD002,bl:bilstm,,7,13.3427,854.57,14.8141,77,0.622,142865,True,False,45
rul_bl,FD002,bl:bilstm,,8,14.6958,715.62,16.5192,57,0.759,142865,True,False,45
rul_bl,FD002,bl:bilstm,,9,13.5274,688.31,15.1618,52,0.855,142865,True,False,45
rul_bl,FD002,bl:cnn_lstm,,0,14.7029,1110.97,14.8433,41,0.65,33057,True,False,45
rul_bl,FD002,bl:cnn_lstm,,1,14.8105,1237.13,15.3963,40,0.623,33057,True,False,45
rul_bl,FD002,bl:cnn_lstm,,2,14.4273,1037.16,17.0791,38,0.73,33057,True,False,45
rul_bl,FD002,bl:cnn_lstm,,3,14.2038,1131.11,15.7462,41,0.587,33057,True,False,45
rul_bl,FD002,bl:cnn_lstm,,4,14.447,1261.1,15.321,37,0.603,33057,True,False,45
rul_bl,FD002,bl:cnn_lstm,,5,13.7845,765.12,15.2854,36,0.638,33057,True,False,45
rul_bl,FD002,bl:cnn_lstm,,6,15.0669,861.82,16.2417,42,0.614,33057,True,False,45
rul_bl,FD002,bl:cnn_lstm,,7,14.3863,1564.29,14.2034,35,0.715,33057,True,False,45
rul_bl,FD002,bl:cnn_lstm,,8,14.5307,1019.13,15.9913,36,0.602,33057,True,False,45
rul_bl,FD002,bl:cnn_lstm,,9,14.3196,935.57,15.7431,43,0.61,33057,True,False,45
rul_bl,FD002,bl:dcnn,,0,12.9654,809.0,12.6628,83,1.199,79872,True,False,45
rul_bl,FD002,bl:dcnn,,1,12.3694,656.07,13.7897,113,3.45,79872,True,False,45
rul_bl,FD002,bl:dcnn,,2,12.7128,795.9,13.9975,160,1.317,79872,True,False,45
rul_bl,FD002,bl:dcnn,,3,12.2997,656.13,13.311,154,2.677,79872,True,False,45
rul_bl,FD002,bl:dcnn,,4,12.9434,859.02,13.3819,91,3.567,79872,True,False,45
rul_bl,FD002,bl:dcnn,,5,12.5545,733.27,12.9555,109,3.481,79872,True,False,45
rul_bl,FD002,bl:dcnn,,6,12.7852,744.24,12.8711,142,1.889,79872,True,False,45
rul_bl,FD002,bl:dcnn,,7,13.0483,942.31,12.5251,95,0.999,79872,True,False,45
rul_bl,FD002,bl:dcnn,,8,13.1054,786.98,14.2454,119,1.988,79872,True,False,45
rul_bl,FD002,bl:dcnn,,9,12.357,658.49,13.2298,114,1.874,79872,True,False,45
rul_bl,FD002,bl:gru,,0,13.2425,809.66,13.6881,55,0.793,41425,True,False,45
rul_bl,FD002,bl:gru,,1,13.0455,637.83,14.6139,44,0.573,41425,True,False,45
rul_bl,FD002,bl:gru,,2,13.8909,832.85,15.7427,59,0.535,41425,True,False,45
rul_bl,FD002,bl:gru,,3,12.8601,667.49,14.2685,53,0.58,41425,True,False,45
rul_bl,FD002,bl:gru,,4,13.3344,769.11,14.3578,50,0.636,41425,True,False,45
rul_bl,FD002,bl:gru,,5,12.9736,787.02,14.6154,43,0.776,41425,True,False,45
rul_bl,FD002,bl:gru,,6,13.6241,757.81,14.5527,47,0.572,41425,True,False,45
rul_bl,FD002,bl:gru,,7,15.0898,1181.88,14.9098,119,0.573,41425,True,False,45
rul_bl,FD002,bl:gru,,8,13.5885,690.86,15.7846,68,0.589,41425,True,False,45
rul_bl,FD002,bl:gru,,9,13.5184,675.66,14.3731,39,0.61,41425,True,False,45
rul_bl,FD002,bl:lstm,,0,13.6815,926.44,14.286,37,0.978,55057,True,False,45
rul_bl,FD002,bl:lstm,,1,13.4288,822.89,14.7674,73,0.594,55057,True,False,45
rul_bl,FD002,bl:lstm,,2,13.4715,891.23,14.8867,59,0.538,55057,True,False,45
rul_bl,FD002,bl:lstm,,3,13.5653,955.98,14.5623,53,0.615,55057,True,False,45
rul_bl,FD002,bl:lstm,,4,13.6355,821.37,14.4631,59,0.665,55057,True,False,45
rul_bl,FD002,bl:lstm,,5,13.9651,929.08,14.2326,79,0.876,55057,True,False,45
rul_bl,FD002,bl:lstm,,6,12.9332,658.81,14.1508,48,0.634,55057,True,False,45
rul_bl,FD002,bl:lstm,,7,14.0413,989.33,15.1344,63,0.537,55057,True,False,45
rul_bl,FD002,bl:lstm,,8,13.6224,869.15,15.4592,53,0.615,55057,True,False,45
rul_bl,FD002,bl:lstm,,9,13.4384,867.47,15.1563,43,0.588,55057,True,False,45
rul_bl,FD002,bl:mlp,,0,14.7944,1060.58,14.0706,68,0.416,86801,True,False,45
rul_bl,FD002,bl:mlp,,1,14.3908,856.03,14.8694,66,0.368,86801,True,False,45
rul_bl,FD002,bl:mlp,,2,15.038,1123.02,15.5958,106,0.483,86801,True,False,45
rul_bl,FD002,bl:mlp,,3,14.1473,912.19,15.2752,62,0.388,86801,True,False,45
rul_bl,FD002,bl:mlp,,4,15.2468,1033.94,15.4194,65,0.392,86801,True,False,45
rul_bl,FD002,bl:mlp,,5,15.1014,1055.56,14.6597,75,0.408,86801,True,False,45
rul_bl,FD002,bl:mlp,,6,14.1899,898.95,14.5652,78,0.366,86801,True,False,45
rul_bl,FD002,bl:mlp,,7,15.4765,1079.42,14.698,84,0.447,86801,True,False,45
rul_bl,FD002,bl:mlp,,8,14.3476,903.05,15.952,73,0.395,86801,True,False,45
rul_bl,FD002,bl:mlp,,9,14.9521,985.58,14.4114,53,0.398,86801,True,False,45
rul_bl,FD002,bl:tcn,,0,13.8414,783.68,13.7381,106,1.325,24001,True,False,45
rul_bl,FD002,bl:tcn,,1,13.8328,818.58,15.652,106,1.178,24001,True,False,45
rul_bl,FD002,bl:tcn,,2,13.6659,710.11,16.4036,106,1.577,24001,True,False,45
rul_bl,FD002,bl:tcn,,3,13.235,727.19,14.9844,108,1.155,24001,True,False,45
rul_bl,FD002,bl:tcn,,4,13.2755,828.65,14.9671,123,1.17,24001,True,False,45
rul_bl,FD002,bl:tcn,,5,13.3812,978.65,15.0849,110,1.234,24001,True,False,45
rul_bl,FD002,bl:tcn,,6,12.6671,767.45,14.6625,117,1.172,24001,True,False,45
rul_bl,FD002,bl:tcn,,7,14.0519,714.4,16.2541,75,1.43,24001,True,False,45
rul_bl,FD002,bl:tcn,,8,13.157,919.64,15.8103,98,1.148,24001,True,False,45
rul_bl,FD002,bl:tcn,,9,13.2673,673.52,14.6669,105,1.184,24001,True,False,45
rul_bl,FD003,bl:bilstm,,0,15.418,392.71,14.2645,65,1.064,142865,False,False,45
rul_bl,FD003,bl:bilstm,,1,13.7281,281.63,12.6801,55,1.541,142865,False,False,45
rul_bl,FD003,bl:bilstm,,2,13.6417,499.61,12.4499,34,0.675,142865,False,False,45
rul_bl,FD003,bl:bilstm,,3,14.8107,374.82,10.0433,57,1.074,142865,False,False,45
rul_bl,FD003,bl:bilstm,,4,14.1796,392.59,12.6727,45,1.504,142865,False,False,45
rul_bl,FD003,bl:bilstm,,5,15.6253,748.91,12.6002,52,1.043,142865,False,False,45
rul_bl,FD003,bl:bilstm,,6,14.7719,365.43,11.2349,42,1.538,142865,False,False,45
rul_bl,FD003,bl:bilstm,,7,15.8769,513.03,15.4443,45,0.705,142865,False,False,45
rul_bl,FD003,bl:bilstm,,8,14.786,609.73,14.5396,43,1.09,142865,False,False,45
rul_bl,FD003,bl:bilstm,,9,15.8449,692.18,12.6775,43,1.505,142865,False,False,45
rul_bl,FD003,bl:cnn_lstm,,0,16.6965,697.19,14.218,56,0.437,33057,False,False,45
rul_bl,FD003,bl:cnn_lstm,,1,15.8316,516.16,13.5147,36,0.528,33057,False,False,45
rul_bl,FD003,bl:cnn_lstm,,2,14.1247,427.18,12.4661,35,0.449,33057,False,False,45
rul_bl,FD003,bl:cnn_lstm,,3,15.7703,504.12,9.8127,88,0.442,33057,False,False,45
rul_bl,FD003,bl:cnn_lstm,,4,16.1355,827.65,14.3699,32,0.615,33057,False,False,45
rul_bl,FD003,bl:cnn_lstm,,5,15.5897,668.83,11.2245,33,0.454,33057,False,False,45
rul_bl,FD003,bl:cnn_lstm,,6,17.651,755.67,14.7264,55,0.523,33057,False,False,45
rul_bl,FD003,bl:cnn_lstm,,7,16.7063,589.8,16.8782,43,0.45,33057,False,False,45
rul_bl,FD003,bl:cnn_lstm,,8,15.5173,822.05,13.2532,80,0.429,33057,False,False,45
rul_bl,FD003,bl:cnn_lstm,,9,15.8361,540.57,12.1464,46,0.633,33057,False,False,45
rul_bl,FD003,bl:dcnn,,0,12.0769,267.24,10.9185,64,2.922,79872,False,False,45
rul_bl,FD003,bl:dcnn,,1,11.7694,253.05,10.3717,79,3.315,79872,False,False,45
rul_bl,FD003,bl:dcnn,,2,12.6984,321.89,12.0738,96,2.031,79872,False,False,45
rul_bl,FD003,bl:dcnn,,3,11.8619,267.66,9.3944,79,2.872,79872,False,False,45
rul_bl,FD003,bl:dcnn,,4,12.0844,278.82,10.1965,66,3.3,79872,False,False,45
rul_bl,FD003,bl:dcnn,,5,11.8435,252.53,9.745,83,2.732,79872,False,False,45
rul_bl,FD003,bl:dcnn,,6,11.8667,225.65,10.4999,80,3.095,79872,False,False,45
rul_bl,FD003,bl:dcnn,,7,11.8451,212.94,11.5434,92,1.433,79872,False,False,45
rul_bl,FD003,bl:dcnn,,8,11.7061,247.43,11.7262,61,2.866,79872,False,False,45
rul_bl,FD003,bl:dcnn,,9,12.3925,310.94,9.8428,73,3.182,79872,False,False,45
rul_bl,FD003,bl:gru,,0,13.2186,329.9,13.1736,39,0.569,41425,False,False,45
rul_bl,FD003,bl:gru,,1,12.2558,249.19,10.3134,51,0.787,41425,False,False,45
rul_bl,FD003,bl:gru,,2,12.8728,330.92,12.3857,44,0.42,41425,False,False,45
rul_bl,FD003,bl:gru,,3,12.7389,320.86,10.1775,57,0.565,41425,False,False,45
rul_bl,FD003,bl:gru,,4,12.4656,284.98,11.1684,36,0.804,41425,False,False,45
rul_bl,FD003,bl:gru,,5,12.627,311.59,10.5819,38,0.544,41425,False,False,45
rul_bl,FD003,bl:gru,,6,12.6345,276.54,11.4219,48,0.759,41425,False,False,45
rul_bl,FD003,bl:gru,,7,13.7786,343.95,13.9638,75,0.424,41425,False,False,45
rul_bl,FD003,bl:gru,,8,12.3629,248.69,12.4996,47,0.568,41425,False,False,45
rul_bl,FD003,bl:gru,,9,13.0091,319.49,11.2388,47,0.792,41425,False,False,45
rul_bl,FD003,bl:lstm,,0,15.7953,648.75,14.4647,51,0.62,55057,False,False,45
rul_bl,FD003,bl:lstm,,1,13.7154,385.75,12.2006,41,0.774,55057,False,False,45
rul_bl,FD003,bl:lstm,,2,15.0345,675.2,12.6264,42,0.423,55057,False,False,45
rul_bl,FD003,bl:lstm,,3,13.6903,525.4,10.2487,55,0.695,55057,False,False,45
rul_bl,FD003,bl:lstm,,4,15.5911,583.81,13.2906,51,0.789,55057,False,False,45
rul_bl,FD003,bl:lstm,,5,15.2441,885.36,11.5797,38,0.604,55057,False,False,45
rul_bl,FD003,bl:lstm,,6,15.739,539.86,12.2521,53,0.781,55057,False,False,45
rul_bl,FD003,bl:lstm,,7,14.4591,532.83,14.9115,38,0.419,55057,False,False,45
rul_bl,FD003,bl:lstm,,8,14.3298,890.91,13.122,39,0.615,55057,False,False,45
rul_bl,FD003,bl:lstm,,9,15.3762,837.55,11.7358,54,0.756,55057,False,False,45
rul_bl,FD003,bl:mlp,,0,12.7256,254.44,13.5574,85,0.36,86801,False,False,45
rul_bl,FD003,bl:mlp,,1,12.2839,247.74,11.0532,76,0.513,86801,False,False,45
rul_bl,FD003,bl:mlp,,2,12.8834,236.64,14.7587,26,0.312,86801,False,False,45
rul_bl,FD003,bl:mlp,,3,12.8219,270.77,9.474,93,0.336,86801,False,False,45
rul_bl,FD003,bl:mlp,,4,12.5499,257.69,11.0466,103,0.534,86801,False,False,45
rul_bl,FD003,bl:mlp,,5,12.6577,264.42,10.5958,127,0.33,86801,False,False,45
rul_bl,FD003,bl:mlp,,6,13.1926,285.98,11.094,63,0.522,86801,False,False,45
rul_bl,FD003,bl:mlp,,7,12.5313,239.43,13.0529,34,0.321,86801,False,False,45
rul_bl,FD003,bl:mlp,,8,12.8402,253.3,12.0679,94,0.403,86801,False,False,45
rul_bl,FD003,bl:mlp,,9,14.0881,422.99,10.8378,121,0.444,86801,False,False,45
rul_bl,FD003,bl:tcn,,0,14.827,385.75,16.0911,91,0.746,24001,False,False,45
rul_bl,FD003,bl:tcn,,1,12.9048,285.75,11.743,81,0.864,24001,False,False,45
rul_bl,FD003,bl:tcn,,2,13.9539,340.87,14.179,66,0.722,24001,False,False,45
rul_bl,FD003,bl:tcn,,3,16.5573,670.17,10.0635,134,0.751,24001,False,False,45
rul_bl,FD003,bl:tcn,,4,14.8038,647.78,12.8897,62,0.945,24001,False,False,45
rul_bl,FD003,bl:tcn,,5,16.2055,559.97,11.5247,78,0.718,24001,False,False,45
rul_bl,FD003,bl:tcn,,6,15.2401,554.78,12.5378,77,0.813,24001,False,False,45
rul_bl,FD003,bl:tcn,,7,13.9383,306.88,15.4211,52,0.731,24001,False,False,45
rul_bl,FD003,bl:tcn,,8,15.529,846.71,13.0732,73,0.752,24001,False,False,45
rul_bl,FD003,bl:tcn,,9,14.6774,459.21,13.0237,69,0.894,24001,False,False,45
rul_bl,FD004,bl:bilstm,,0,14.5088,999.95,13.8166,54,1.708,142865,True,False,45
rul_bl,FD004,bl:bilstm,,1,14.195,1007.43,14.0126,57,2.45,142865,True,False,45
rul_bl,FD004,bl:bilstm,,2,14.6637,882.17,14.2327,44,1.318,142865,True,False,45
rul_bl,FD004,bl:bilstm,,3,13.7524,865.66,16.92,91,1.747,142865,True,False,45
rul_bl,FD004,bl:bilstm,,4,15.6011,1134.83,14.8458,58,2.202,142865,True,False,45
rul_bl,FD004,bl:bilstm,,5,14.5692,919.94,15.4991,77,1.44,142865,True,False,45
rul_bl,FD004,bl:bilstm,,6,14.7466,1034.55,16.3548,56,2.075,142865,True,False,45
rul_bl,FD004,bl:bilstm,,7,14.7493,1068.31,12.8432,67,1.364,142865,True,False,45
rul_bl,FD004,bl:bilstm,,8,14.8769,1057.18,16.6637,96,1.13,142865,True,False,45
rul_bl,FD004,bl:bilstm,,9,14.527,987.87,13.9163,70,1.423,142865,True,False,45
rul_bl,FD004,bl:cnn_lstm,,0,14.8214,1112.22,14.5448,36,0.689,33057,True,False,45
rul_bl,FD004,bl:cnn_lstm,,1,15.7251,1245.34,14.4974,40,0.755,33057,True,False,45
rul_bl,FD004,bl:cnn_lstm,,2,15.0915,1209.86,14.5698,39,0.744,33057,True,False,45
rul_bl,FD004,bl:cnn_lstm,,3,15.0651,941.48,17.4203,46,0.725,33057,True,False,45
rul_bl,FD004,bl:cnn_lstm,,4,16.1422,1293.32,15.7048,40,1.496,33057,True,False,45
rul_bl,FD004,bl:cnn_lstm,,5,16.7885,1454.59,16.8662,39,0.702,33057,True,False,45
rul_bl,FD004,bl:cnn_lstm,,6,16.6198,1432.91,17.7651,38,0.794,33057,True,False,45
rul_bl,FD004,bl:cnn_lstm,,7,15.7159,1117.44,13.4225,50,0.751,33057,True,False,45
rul_bl,FD004,bl:cnn_lstm,,8,14.7209,1114.22,16.8297,39,0.804,33057,True,False,45
rul_bl,FD004,bl:cnn_lstm,,9,15.4533,1042.36,14.3607,42,1.486,33057,True,False,45
rul_bl,FD004,bl:dcnn,,0,13.6996,975.6,13.6503,84,6.873,79872,True,False,45
rul_bl,FD004,bl:dcnn,,1,13.5216,947.58,12.4886,71,8.314,79872,True,False,45
rul_bl,FD004,bl:dcnn,,2,13.777,969.84,12.543,92,4.609,79872,True,False,45
rul_bl,FD004,bl:dcnn,,3,13.442,967.51,15.5794,103,6.907,79872,True,False,45
rul_bl,FD004,bl:dcnn,,4,13.362,916.99,13.3888,85,8.057,79872,True,False,45
rul_bl,FD004,bl:dcnn,,5,13.5566,918.77,14.0043,104,3.2,79872,True,False,45
rul_bl,FD004,bl:dcnn,,6,13.5468,948.66,14.7587,91,5.592,79872,True,False,45
rul_bl,FD004,bl:dcnn,,7,13.857,957.0,11.2366,99,2.536,79872,True,False,45
rul_bl,FD004,bl:dcnn,,8,13.6181,960.26,14.6138,79,3.048,79872,True,False,45
rul_bl,FD004,bl:dcnn,,9,13.5767,903.6,11.9274,95,5.522,79872,True,False,45
rul_bl,FD004,bl:gru,,0,14.2944,1133.55,13.5179,77,0.795,41425,True,False,45
rul_bl,FD004,bl:gru,,1,13.6342,815.97,13.1983,72,0.949,41425,True,False,45
rul_bl,FD004,bl:gru,,2,14.6108,910.84,14.1016,50,0.814,41425,True,False,45
rul_bl,FD004,bl:gru,,3,14.2904,1027.08,16.2382,78,0.737,41425,True,False,45
rul_bl,FD004,bl:gru,,4,14.3259,1004.87,14.0293,60,0.756,41425,True,False,45
rul_bl,FD004,bl:gru,,5,14.0191,936.38,14.8573,55,0.729,41425,True,False,45
rul_bl,FD004,bl:gru,,6,13.9697,894.66,15.8119,64,0.765,41425,True,False,45
rul_bl,FD004,bl:gru,,7,14.5563,1257.39,13.157,110,0.682,41425,True,False,45
rul_bl,FD004,bl:gru,,8,13.8576,934.28,15.397,97,0.671,41425,True,False,45
rul_bl,FD004,bl:gru,,9,13.95,950.55,13.2791,65,0.716,41425,True,False,45
rul_bl,FD004,bl:lstm,,0,15.5097,1451.86,14.1968,80,1.111,55057,True,False,45
rul_bl,FD004,bl:lstm,,1,14.4649,1004.62,14.1217,72,1.495,55057,True,False,45
rul_bl,FD004,bl:lstm,,2,14.3624,924.26,14.1114,63,0.918,55057,True,False,45
rul_bl,FD004,bl:lstm,,3,14.325,931.61,16.7056,69,1.155,55057,True,False,45
rul_bl,FD004,bl:lstm,,4,15.7029,1120.46,14.9273,62,1.39,55057,True,False,45
rul_bl,FD004,bl:lstm,,5,14.1767,891.31,15.3367,86,1.087,55057,True,False,45
rul_bl,FD004,bl:lstm,,6,15.5906,1072.5,16.6548,64,1.405,55057,True,False,45
rul_bl,FD004,bl:lstm,,7,15.1835,1024.71,13.2203,59,0.948,55057,True,False,45
rul_bl,FD004,bl:lstm,,8,15.0601,1056.2,16.4266,96,1.099,55057,True,False,45
rul_bl,FD004,bl:lstm,,9,15.1119,1001.73,14.2413,65,1.41,55057,True,False,45
rul_bl,FD004,bl:mlp,,0,15.1894,1102.26,14.0569,84,0.436,86801,True,False,45
rul_bl,FD004,bl:mlp,,1,14.7391,1014.02,13.4089,61,1.4,86801,True,False,45
rul_bl,FD004,bl:mlp,,2,15.7395,1152.18,13.9271,77,0.485,86801,True,False,45
rul_bl,FD004,bl:mlp,,3,15.1389,1096.5,16.1648,77,0.587,86801,True,False,45
rul_bl,FD004,bl:mlp,,4,15.2166,1127.48,14.6505,81,0.883,86801,True,False,45
rul_bl,FD004,bl:mlp,,5,15.5917,1253.84,14.9518,83,0.459,86801,True,False,45
rul_bl,FD004,bl:mlp,,6,15.0691,1113.41,15.7889,76,0.896,86801,True,False,45
rul_bl,FD004,bl:mlp,,7,15.2748,1048.54,12.5889,73,0.483,86801,True,False,45
rul_bl,FD004,bl:mlp,,8,15.3738,1298.17,15.2682,91,0.588,86801,True,False,45
rul_bl,FD004,bl:mlp,,9,15.3445,1130.02,12.7546,65,0.976,86801,True,False,45
rul_bl,FD004,bl:tcn,,0,15.4533,1237.17,14.7583,110,1.369,24001,True,False,45
rul_bl,FD004,bl:tcn,,1,16.1248,1774.74,14.0185,123,1.417,24001,True,False,45
rul_bl,FD004,bl:tcn,,2,15.4764,1304.79,14.1337,137,1.392,24001,True,False,45
rul_bl,FD004,bl:tcn,,3,15.1208,1245.14,17.4845,107,1.418,24001,True,False,45
rul_bl,FD004,bl:tcn,,4,15.0563,1060.67,14.5824,127,1.384,24001,True,False,45
rul_bl,FD004,bl:tcn,,5,15.1264,1237.13,15.8228,122,1.36,24001,True,False,45
rul_bl,FD004,bl:tcn,,6,15.9277,1241.36,17.3248,108,1.412,24001,True,False,45
rul_bl,FD004,bl:tcn,,7,15.989,1219.21,13.228,114,1.418,24001,True,False,45
rul_bl,FD004,bl:tcn,,8,15.3141,1215.01,16.6285,129,1.375,24001,True,False,45
rul_bl,FD004,bl:tcn,,9,15.8455,1282.34,15.1674,120,1.442,24001,True,False,45
rul_m2,FD001,m2_B3,,0,13.399,313.61,11.7966,92,1.949,22570,False,,40
rul_m2,FD001,m2_B3,,1,13.3085,356.48,11.4942,107,1.725,22570,False,,40
rul_m2,FD001,m2_B3,,2,14.5127,433.33,13.2302,86,2.016,22570,False,,40
rul_m2,FD001,m2_B3,,3,13.8487,374.21,12.2178,93,1.861,22570,False,,40
rul_m2,FD001,m2_B3,,4,13.2342,309.43,11.7341,52,1.693,22570,False,,40
rul_m2,FD001,m2_B3trip,,0,13.1466,274.02,12.6813,159,2.023,22570,False,,40
rul_m2,FD001,m2_B3trip,,1,14.1576,354.84,11.8195,114,1.963,22570,False,,40
rul_m2,FD001,m2_B3trip,,2,13.5668,316.87,12.9302,108,1.828,22570,False,,40
rul_m2,FD001,m2_B3trip,,3,14.115,390.43,12.9443,55,2.004,22570,False,,40
rul_m2,FD001,m2_B3trip,,4,13.3356,295.06,12.8375,57,1.887,22570,False,,40
rul_m2,FD001,m2_B8trip,,0,13.3415,310.89,14.7249,53,1.819,23055,False,,40
rul_m2,FD001,m2_B8trip,,1,13.7017,355.61,11.9616,62,1.985,23055,False,,40
rul_m2,FD001,m2_B8trip,,2,14.4488,298.29,13.6754,70,1.984,23055,False,,40
rul_m2,FD001,m2_B8trip,,3,15.3265,477.26,12.938,55,1.787,23055,False,,40
rul_m2,FD001,m2_B8trip,,4,13.6503,320.36,12.4559,62,1.978,23055,False,,40
rul_m2,FD001,m2_K,,0,12.7223,282.4,11.6779,138,1.854,22117,False,,40
rul_m2,FD001,m2_K,,1,14.0989,473.22,11.6176,153,1.755,22117,False,,40
rul_m2,FD001,m2_K,,2,14.0968,405.34,12.9264,85,1.575,22117,False,,40
rul_m2,FD001,m2_K,,3,13.1402,357.15,12.1461,101,1.778,22117,False,,40
rul_m2,FD001,m2_K,,4,14.0311,409.98,11.926,139,1.767,22117,False,,40
rul_m2,FD001,m2_R2,,0,13.0814,294.61,11.8001,66,2.193,22439,False,,40
rul_m2,FD001,m2_R2,,1,13.1801,327.59,10.4794,104,1.908,22439,False,,40
rul_m2,FD001,m2_R2,,2,13.7904,364.2,12.9512,74,2.244,22439,False,,40
rul_m2,FD001,m2_R2,,3,14.0119,428.73,11.919,103,2.125,22439,False,,40
rul_m2,FD001,m2_R2,,4,13.8018,344.0,11.9163,77,1.83,22439,False,,40
rul_m2,FD001,m2_R4_B3trip_S,,0,13.044,323.89,12.5656,52,3.54,45840,False,,40
rul_m2,FD001,m2_R4_B3trip_S,,1,13.8302,418.66,12.2007,104,3.438,45840,False,,40
rul_m2,FD001,m2_R4_B3trip_S,,2,12.5768,240.32,13.061,78,3.241,45840,False,,40
rul_m2,FD001,m2_R4_B3trip_S,,3,14.3552,434.52,12.5466,55,3.426,45840,False,,40
rul_m2,FD001,m2_R4_B3trip_S,,4,14.7718,400.8,12.2673,65,3.145,45840,False,,40
rul_m2,FD001,m2_R4_B3trip,,0,13.0787,324.71,12.1137,67,1.977,23082,False,,40
rul_m2,FD001,m2_R4_B3trip,,1,13.2921,367.22,12.5962,55,2.016,23082,False,,40
rul_m2,FD001,m2_R4_B3trip,,2,13.4096,372.41,13.1406,71,2.269,23082,False,,40
rul_m2,FD001,m2_R4_B3trip,,3,13.2249,313.8,13.0814,56,1.821,23082,False,,40
rul_m2,FD001,m2_R4_B3trip,,4,15.8814,577.45,13.2408,66,2.156,23082,False,,40
rul_m2,FD001,m2_R4,,0,13.4399,321.95,11.6088,119,2.195,22695,False,,40
rul_m2,FD001,m2_R4,,1,13.2725,340.04,10.5836,121,2.135,22695,False,,40
rul_m2,FD001,m2_R4,,2,13.4122,365.18,13.4658,74,1.915,22695,False,,40
rul_m2,FD001,m2_R4,,3,14.2641,371.33,12.2921,73,2.17,22695,False,,40
rul_m2,FD001,m2_R4,,4,13.8642,336.78,11.7091,93,2.07,22695,False,,40
rul_m2,FD001,m2_R8,,0,13.7023,359.51,11.3824,97,1.844,23207,False,,40
rul_m2,FD001,m2_R8,,1,13.6509,299.11,10.7353,78,2.172,23207,False,,40
rul_m2,FD001,m2_R8,,2,13.9282,307.1,12.4194,74,2.102,23207,False,,40
rul_m2,FD001,m2_R8,,3,14.1926,432.42,12.0474,100,1.81,23207,False,,40
rul_m2,FD001,m2_R8,,4,13.4039,320.2,11.414,142,2.044,23207,False,,40
rul_m2,FD001,m2_S,,0,12.7583,319.14,11.034,137,2.985,44365,False,,40
rul_m2,FD001,m2_S,,1,12.526,295.38,10.7154,108,2.754,44365,False,,40
rul_m2,FD001,m2_S,,2,13.702,388.02,12.5725,131,2.916,44365,False,,40
rul_m2,FD001,m2_S,,3,14.7044,592.57,11.262,129,2.837,44365,False,,40
rul_m2,FD001,m2_S,,4,13.1239,346.47,9.9618,155,2.778,44365,False,,40
rul_m2,FD001,m2_all,,0,11.7135,266.05,12.6449,105,3.2,45708,False,,40
rul_m2,FD001,m2_all,,1,12.8302,251.4,12.1755,104,3.256,45708,False,,40
rul_m2,FD001,m2_all,,2,14.7139,352.06,14.3604,57,3.195,45708,False,,40
rul_m2,FD001,m2_all,,3,13.1993,301.85,13.1308,86,3.178,45708,False,,40
rul_m2,FD001,m2_all,,4,14.3341,401.1,13.4167,54,3.137,45708,False,,40
rul_m2,FD001,m2_base,,0,13.1204,323.39,11.3303,120,1.743,22183,False,,40
rul_m2,FD001,m2_base,,1,13.1684,303.05,10.9216,84,2.114,22183,False,,40
rul_m2,FD001,m2_base,,2,13.649,303.97,12.4521,71,2.11,22183,False,,40
rul_m2,FD001,m2_base,,3,14.0894,425.99,11.8735,103,1.689,22183,False,,40
rul_m2,FD001,m2_base,,4,13.7173,329.16,12.1745,43,2.016,22183,False,,40
rul_m2,FD002,m2_B3,,0,13.0756,836.44,12.697,43,5.425,23210,True,,60
rul_m2,FD002,m2_B3,,1,13.5152,751.12,14.0044,50,5.221,23210,True,,60
rul_m2,FD002,m2_B3,,2,12.4695,718.74,13.5737,53,5.466,23210,True,,60
rul_m2,FD002,m2_B3,,3,13.2533,843.23,13.9396,62,5.231,23210,True,,60
rul_m2,FD002,m2_B3,,4,12.1804,701.62,13.0486,50,5.437,23210,True,,60
rul_m2,FD002,m2_B3trip,,0,12.9782,658.95,12.9769,107,5.779,23210,True,,60
rul_m2,FD002,m2_B3trip,,1,14.1601,838.3,14.8216,90,5.964,23210,True,,60
rul_m2,FD002,m2_B3trip,,2,13.6396,882.38,14.5515,51,5.239,23210,True,,60
rul_m2,FD002,m2_B3trip,,3,14.0529,856.98,14.1797,73,6.13,23210,True,,60
rul_m2,FD002,m2_B3trip,,4,13.4315,1036.01,13.0516,94,5.622,23210,True,,60
rul_m2,FD002,m2_B8trip,,0,12.9812,716.17,13.0385,46,5.564,23695,True,,60
rul_m2,FD002,m2_B8trip,,1,14.152,791.9,14.5457,84,5.841,23695,True,,60
rul_m2,FD002,m2_B8trip,,2,13.5467,931.21,13.938,146,5.73,23695,True,,60
rul_m2,FD002,m2_B8trip,,3,13.7584,836.17,13.6823,73,5.656,23695,True,,60
rul_m2,FD002,m2_B8trip,,4,13.1311,852.59,13.6109,58,5.785,23695,True,,60
rul_m2,FD002,m2_K,,0,12.9644,776.45,13.0266,47,5.191,22757,True,,60
rul_m2,FD002,m2_K,,1,13.069,723.79,13.3168,78,4.968,22757,True,,60
rul_m2,FD002,m2_K,,2,13.9801,930.44,14.7136,93,4.817,22757,True,,60
rul_m2,FD002,m2_K,,3,13.6588,783.55,13.5211,56,6.038,22757,True,,60
rul_m2,FD002,m2_K,,4,13.232,724.24,13.5035,59,5.439,22757,True,,60
rul_m2,FD002,m2_R2,,0,12.3837,678.53,11.8738,55,5.892,23079,True,,60
rul_m2,FD002,m2_R2,,1,14.3871,810.59,15.9944,79,5.343,23079,True,,60
rul_m2,FD002,m2_R2,,2,12.5861,790.96,12.8155,69,5.989,23079,True,,60
rul_m2,FD002,m2_R2,,3,15.3028,818.49,16.2214,75,5.857,23079,True,,60
rul_m2,FD002,m2_R2,,4,12.5737,704.64,12.0659,68,5.164,23079,True,,60
rul_m2,FD002,m2_R4_B3trip_S,,0,17.3773,2042.41,12.965,41,9.123,47120,True,,60
rul_m2,FD002,m2_R4_B3trip_S,,1,18.8456,2847.26,13.3643,54,9.643,47120,True,,60
rul_m2,FD002,m2_R4_B3trip_S,,2,16.318,1340.53,13.8737,56,10.694,47120,True,,60
rul_m2,FD002,m2_R4_B3trip_S,,3,17.6834,1941.39,13.5952,65,10.068,47120,True,,60
rul_m2,FD002,m2_R4_B3trip_S,,4,17.9573,2006.53,13.6485,62,8.727,47120,True,,60
rul_m2,FD002,m2_R4_B3trip,,0,14.6019,909.15,13.9424,83,5.772,23722,True,,60
rul_m2,FD002,m2_R4_B3trip,,1,12.9475,698.7,13.4412,90,6.266,23722,True,,60
rul_m2,FD002,m2_R4_B3trip,,2,15.2166,1013.82,17.0093,74,5.802,23722,True,,60
rul_m2,FD002,m2_R4_B3trip,,3,14.946,990.09,15.1097,72,7.144,23722,True,,60
rul_m2,FD002,m2_R4_B3trip,,4,14.6789,976.05,14.5495,87,6.416,23722,True,,60
rul_m2,FD002,m2_R4,,0,12.354,680.21,12.0377,68,6.021,23335,True,,60
rul_m2,FD002,m2_R4,,1,12.9832,754.71,13.8624,68,5.847,23335,True,,60
rul_m2,FD002,m2_R4,,2,13.755,978.02,14.2042,87,5.346,23335,True,,60
rul_m2,FD002,m2_R4,,3,14.0391,1017.18,14.0385,69,5.82,23335,True,,60
rul_m2,FD002,m2_R4,,4,12.7833,743.93,12.2508,89,5.559,23335,True,,60
rul_m2,FD002,m2_R8,,0,13.3701,803.7,12.9193,68,5.416,23847,True,,60
rul_m2,FD002,m2_R8,,1,12.6915,797.48,13.0916,74,6.007,23847,True,,60
rul_m2,FD002,m2_R8,,2,14.1201,1286.15,14.0344,82,5.431,23847,True,,60
rul_m2,FD002,m2_R8,,3,14.7569,933.3,13.6733,80,5.389,23847,True,,60
rul_m2,FD002,m2_R8,,4,12.5295,709.53,12.2413,64,5.677,23847,True,,60
rul_m2,FD002,m2_S,,0,15.4262,1077.74,12.0301,51,7.908,45645,True,,60
rul_m2,FD002,m2_S,,1,15.0159,973.23,12.6664,73,7.817,45645,True,,60
rul_m2,FD002,m2_S,,2,15.9227,1147.65,12.64,52,7.965,45645,True,,60
rul_m2,FD002,m2_S,,3,15.5916,1171.26,12.9216,65,9.549,45645,True,,60
rul_m2,FD002,m2_S,,4,15.3309,1063.41,12.6755,53,7.668,45645,True,,60
rul_m2,FD002,m2_all,,0,16.1493,1125.71,13.0013,59,8.312,46988,True,,60
rul_m2,FD002,m2_all,,1,17.5025,1972.19,13.6418,54,8.373,46988,True,,60
rul_m2,FD002,m2_all,,2,16.2575,1331.62,13.6724,56,9.121,46988,True,,60
rul_m2,FD002,m2_all,,3,16.8946,1552.98,13.3577,52,8.678,46988,True,,60
rul_m2,FD002,m2_all,,4,16.7234,1409.93,13.7431,66,8.033,46988,True,,60
rul_m2,FD002,m2_base,,0,12.7913,717.94,12.3966,47,5.174,22823,True,,60
rul_m2,FD002,m2_base,,1,12.8041,766.33,13.931,47,6.343,22823,True,,60
rul_m2,FD002,m2_base,,2,12.4212,689.47,13.3968,68,5.663,22823,True,,60
rul_m2,FD002,m2_base,,3,13.2219,817.81,13.0616,58,5.135,22823,True,,60
rul_m2,FD002,m2_base,,4,12.6378,763.03,12.8621,58,6.249,22823,True,,60
rul_m2,FD003,m2_B3,,0,14.5548,499.0,11.9357,154,3.262,23210,False,,60
rul_m2,FD003,m2_B3,,1,14.2951,408.49,11.8454,72,3.231,23210,False,,60
rul_m2,FD003,m2_B3,,2,12.7262,296.34,12.7484,105,2.765,23210,False,,60
rul_m2,FD003,m2_B3,,3,15.4289,1323.7,10.8968,62,3.201,23210,False,,60
rul_m2,FD003,m2_B3,,4,12.8348,299.69,11.3197,115,2.802,23210,False,,60
rul_m2,FD003,m2_B3trip,,0,15.4282,1170.61,12.2213,84,2.878,23210,False,,60
rul_m2,FD003,m2_B3trip,,1,14.735,699.67,11.8325,39,3.041,23210,False,,60
rul_m2,FD003,m2_B3trip,,2,16.4055,637.12,16.9195,77,3.516,23210,False,,60
rul_m2,FD003,m2_B3trip,,3,14.9683,476.25,11.2929,43,2.728,23210,False,,60
rul_m2,FD003,m2_B3trip,,4,13.7026,491.04,12.367,100,3.347,23210,False,,60
rul_m2,FD003,m2_B8trip,,0,17.0559,1497.08,12.9553,41,3.222,23695,False,,60
rul_m2,FD003,m2_B8trip,,1,14.4615,494.63,11.934,74,2.863,23695,False,,60
rul_m2,FD003,m2_B8trip,,2,13.981,567.43,12.3904,134,3.105,23695,False,,60
rul_m2,FD003,m2_B8trip,,3,16.6207,1380.5,11.0903,41,3.166,23695,False,,60
rul_m2,FD003,m2_B8trip,,4,13.5553,435.65,12.2543,115,3.247,23695,False,,60
rul_m2,FD003,m2_K,,0,14.289,475.41,12.476,95,2.803,22757,False,,60
rul_m2,FD003,m2_K,,1,12.344,302.66,11.2988,128,2.475,22757,False,,60
rul_m2,FD003,m2_K,,2,12.7363,371.15,11.4635,121,2.458,22757,False,,60
rul_m2,FD003,m2_K,,3,13.5703,434.82,10.1366,112,2.276,22757,False,,60
rul_m2,FD003,m2_K,,4,14.0154,533.99,11.253,183,2.597,22757,False,,60
rul_m2,FD003,m2_R2,,0,13.7856,420.03,11.9653,94,2.789,23079,False,,60
rul_m2,FD003,m2_R2,,1,12.7216,355.31,11.252,119,2.714,23079,False,,60
rul_m2,FD003,m2_R2,,2,12.1958,292.84,11.7934,93,2.947,23079,False,,60
rul_m2,FD003,m2_R2,,3,12.1267,262.11,9.8872,103,2.778,23079,False,,60
rul_m2,FD003,m2_R2,,4,12.8651,335.96,10.9332,113,2.701,23079,False,,60
rul_m2,FD003,m2_R4_B3trip_S,,0,14.7739,522.72,11.5464,96,4.25,47120,False,,60
rul_m2,FD003,m2_R4_B3trip_S,,1,13.7843,300.06,12.0477,44,4.354,47120,False,,60
rul_m2,FD003,m2_R4_B3trip_S,,2,14.6489,462.94,12.3793,69,4.426,47120,False,,60
rul_m2,FD003,m2_R4_B3trip_S,,3,12.9406,266.36,10.6487,66,4.21,47120,False,,60
rul_m2,FD003,m2_R4_B3trip_S,,4,12.9856,297.58,12.2861,126,4.301,47120,False,,60
rul_m2,FD003,m2_R4_B3trip,,0,15.7042,1054.93,11.7385,72,2.807,23722,False,,60
rul_m2,FD003,m2_R4_B3trip,,1,14.1214,622.09,11.4598,117,3.023,23722,False,,60
rul_m2,FD003,m2_R4_B3trip,,2,14.1967,489.56,13.2863,48,3.096,23722,False,,60
rul_m2,FD003,m2_R4_B3trip,,3,14.1725,567.52,10.152,119,2.835,23722,False,,60
rul_m2,FD003,m2_R4_B3trip,,4,13.6805,466.73,12.4956,54,3.058,23722,False,,60
rul_m2,FD003,m2_R4,,0,13.1457,385.07,10.9255,87,2.736,23335,False,,60
rul_m2,FD003,m2_R4,,1,13.1231,592.77,11.0271,195,2.861,23335,False,,60
rul_m2,FD003,m2_R4,,2,13.305,439.49,11.8033,116,2.794,23335,False,,60
rul_m2,FD003,m2_R4,,3,12.3361,287.09,9.8017,139,2.769,23335,False,,60
rul_m2,FD003,m2_R4,,4,12.7642,330.56,10.8042,100,2.891,23335,False,,60
rul_m2,FD003,m2_R8,,0,14.0254,456.24,12.3327,168,2.728,23847,False,,60
rul_m2,FD003,m2_R8,,1,15.0851,920.01,12.6089,57,2.815,23847,False,,60
rul_m2,FD003,m2_R8,,2,12.7411,355.08,11.5137,91,2.925,23847,False,,60
rul_m2,FD003,m2_R8,,3,12.3846,289.76,9.7183,123,2.646,23847,False,,60
rul_m2,FD003,m2_R8,,4,12.9182,370.99,10.6877,148,3.439,23847,False,,60
rul_m2,FD003,m2_S,,0,13.679,425.37,10.2923,87,3.884,45645,False,,60
rul_m2,FD003,m2_S,,1,12.7193,294.14,11.2187,75,4.652,45645,False,,60
rul_m2,FD003,m2_S,,2,12.9731,350.25,11.6623,95,4.058,45645,False,,60
rul_m2,FD003,m2_S,,3,12.0497,292.68,9.6308,86,3.936,45645,False,,60
rul_m2,FD003,m2_S,,4,12.8364,340.59,10.506,124,3.902,45645,False,,60
rul_m2,FD003,m2_all,,0,16.0637,888.49,11.6083,91,3.798,46988,False,,60
rul_m2,FD003,m2_all,,1,13.1683,261.84,11.2912,53,4.152,46988,False,,60
rul_m2,FD003,m2_all,,2,13.5197,366.34,12.3808,70,4.27,46988,False,,60
rul_m2,FD003,m2_all,,3,14.0145,355.23,10.6071,50,3.87,46988,False,,60
rul_m2,FD003,m2_all,,4,12.1579,251.57,12.8026,57,4.82,46988,False,,60
rul_m2,FD003,m2_base,,0,13.7757,391.11,12.0184,118,2.55,22823,False,,60
rul_m2,FD003,m2_base,,1,14.5984,876.6,11.7428,64,2.75,22823,False,,60
rul_m2,FD003,m2_base,,2,13.1013,356.31,11.6572,124,2.881,22823,False,,60
rul_m2,FD003,m2_base,,3,13.5684,386.84,9.8888,111,2.479,22823,False,,60
rul_m2,FD003,m2_base,,4,12.114,293.79,10.9438,141,2.671,22823,False,,60
rul_m2,FD004,m2_B3,,0,14.5273,1214.83,14.4643,43,6.033,23210,True,,60
rul_m2,FD004,m2_B3,,1,15.0966,1634.33,13.8504,45,6.829,23210,True,,60
rul_m2,FD004,m2_B3,,2,14.8577,1100.1,13.6275,44,6.681,23210,True,,60
rul_m2,FD004,m2_B3,,3,14.5235,1031.95,16.252,56,6.256,23210,True,,60
rul_m2,FD004,m2_B3,,4,14.5774,1415.43,13.8248,51,6.066,23210,True,,60
rul_m2,FD004,m2_B3trip,,0,15.2207,1329.58,14.6946,120,6.035,23210,True,,60
rul_m2,FD004,m2_B3trip,,1,15.2661,1289.52,13.9871,76,6.578,23210,True,,60
rul_m2,FD004,m2_B3trip,,2,15.0803,1452.7,12.9903,103,6.479,23210,True,,60
rul_m2,FD004,m2_B3trip,,3,14.8662,1042.49,16.6902,52,6.713,23210,True,,60
rul_m2,FD004,m2_B3trip,,4,14.4147,981.82,14.0714,50,6.139,23210,True,,60
rul_m2,FD004,m2_B8trip,,0,14.9319,1354.89,13.3735,138,6.152,23695,True,,60
rul_m2,FD004,m2_B8trip,,1,16.4987,1431.83,14.4934,71,6.51,23695,True,,60
rul_m2,FD004,m2_B8trip,,2,16.1212,1536.09,13.1324,103,6.484,23695,True,,60
rul_m2,FD004,m2_B8trip,,3,15.1241,1469.07,16.6077,86,6.349,23695,True,,60
rul_m2,FD004,m2_B8trip,,4,13.7616,1048.11,13.8668,106,6.377,23695,True,,60
rul_m2,FD004,m2_K,,0,14.2784,1081.95,14.1791,73,5.39,22757,True,,60
rul_m2,FD004,m2_K,,1,13.8616,1240.58,13.4689,62,5.523,22757,True,,60
rul_m2,FD004,m2_K,,2,15.3001,1295.6,12.9211,51,5.659,22757,True,,60
rul_m2,FD004,m2_K,,3,13.8589,1310.88,16.2355,64,5.527,22757,True,,60
rul_m2,FD004,m2_K,,4,15.5377,1443.64,14.8621,50,5.574,22757,True,,60
rul_m2,FD004,m2_R2,,0,14.8274,1387.05,13.1609,67,6.706,23079,True,,60
rul_m2,FD004,m2_R2,,1,15.1828,1489.94,13.4176,112,6.885,23079,True,,60
rul_m2,FD004,m2_R2,,2,15.6613,1650.62,13.9744,118,6.935,23079,True,,60
rul_m2,FD004,m2_R2,,3,13.3538,989.6,15.5026,70,7.003,23079,True,,60
rul_m2,FD004,m2_R2,,4,14.1686,1150.33,12.8912,100,6.771,23079,True,,60
rul_m2,FD004,m2_R4_B3trip_S,,0,15.9046,1216.04,14.6125,63,9.901,47120,True,,60
rul_m2,FD004,m2_R4_B3trip_S,,1,14.5281,1078.54,13.5074,47,10.661,47120,True,,60
rul_m2,FD004,m2_R4_B3trip_S,,2,16.9198,1748.24,13.1203,59,10.43,47120,True,,60
rul_m2,FD004,m2_R4_B3trip_S,,3,16.9846,1593.41,16.3957,49,10.31,47120,True,,60
rul_m2,FD004,m2_R4_B3trip_S,,4,16.4971,1438.5,14.0904,55,9.864,47120,True,,60
rul_m2,FD004,m2_R4_B3trip,,0,17.5127,1884.69,16.2934,101,6.852,23722,True,,60
rul_m2,FD004,m2_R4_B3trip,,1,15.0667,1785.08,14.1292,94,7.069,23722,True,,60
rul_m2,FD004,m2_R4_B3trip,,2,14.8829,1243.5,13.2584,63,6.665,23722,True,,60
rul_m2,FD004,m2_R4_B3trip,,3,14.9201,1198.61,16.4314,126,6.959,23722,True,,60
rul_m2,FD004,m2_R4_B3trip,,4,15.4215,1755.36,14.2748,55,6.718,23722,True,,60
rul_m2,FD004,m2_R4,,0,14.4978,1048.72,13.6156,81,6.827,23335,True,,60
rul_m2,FD004,m2_R4,,1,13.6694,1124.07,12.7742,58,6.652,23335,True,,60
rul_m2,FD004,m2_R4,,2,14.8135,1237.66,12.1397,88,6.867,23335,True,,60
rul_m2,FD004,m2_R4,,3,15.8616,1690.42,17.527,58,6.753,23335,True,,60
rul_m2,FD004,m2_R4,,4,13.6711,1172.92,13.0431,53,6.567,23335,True,,60
rul_m2,FD004,m2_R8,,0,14.447,1380.65,13.7562,59,6.42,23847,True,,60
rul_m2,FD004,m2_R8,,1,14.555,1202.8,13.1419,51,6.862,23847,True,,60
rul_m2,FD004,m2_R8,,2,14.5135,1546.01,12.6888,69,6.655,23847,True,,60
rul_m2,FD004,m2_R8,,3,14.4343,1285.19,16.141,89,6.566,23847,True,,60
rul_m2,FD004,m2_R8,,4,14.0883,1000.26,13.1018,58,6.263,23847,True,,60
rul_m2,FD004,m2_S,,0,14.7738,1208.33,13.5141,53,8.576,45645,True,,60
rul_m2,FD004,m2_S,,1,14.0873,1063.28,13.0827,57,9.493,45645,True,,60
rul_m2,FD004,m2_S,,2,15.8952,1266.7,12.7549,36,9.216,45645,True,,60
rul_m2,FD004,m2_S,,3,14.5555,1233.08,15.7813,66,9.49,45645,True,,60
rul_m2,FD004,m2_S,,4,14.9681,1325.91,12.9886,50,9.033,45645,True,,60
rul_m2,FD004,m2_all,,0,15.6035,1169.14,14.1056,71,8.818,46988,True,,60
rul_m2,FD004,m2_all,,1,16.0313,1301.94,14.2958,47,9.434,46988,True,,60
rul_m2,FD004,m2_all,,2,15.6839,1320.86,13.301,64,9.61,46988,True,,60
rul_m2,FD004,m2_all,,3,16.1423,1340.7,16.5253,72,9.678,46988,True,,60
rul_m2,FD004,m2_all,,4,15.1113,1243.64,14.1769,64,9.165,46988,True,,60
rul_m2,FD004,m2_base,,0,14.2108,1340.91,13.528,59,6.291,22823,True,,60
rul_m2,FD004,m2_base,,1,15.4929,1499.06,14.0843,62,6.59,22823,True,,60
rul_m2,FD004,m2_base,,2,15.3198,1555.63,12.888,99,6.5,22823,True,,60
rul_m2,FD004,m2_base,,3,14.4128,1346.25,16.0944,68,6.563,22823,True,,60
rul_m2,FD004,m2_base,,4,13.8097,1051.63,13.1246,58,6.742,22823,True,,60
rul_main10,FD001,no_no_yes,,0,13.8626,324.73,11.8948,45,0.417,38961,False,False,45
rul_main10,FD001,no_no_yes,,1,13.8899,322.72,10.9191,54,0.823,38961,False,False,45
rul_main10,FD001,no_no_yes,,2,14.5553,336.74,12.894,52,0.824,38961,False,False,45
rul_main10,FD001,no_no_yes,,3,14.2719,381.4,11.743,72,0.515,38961,False,False,45
rul_main10,FD001,no_no_yes,,4,13.9899,326.55,12.4255,46,0.41,38961,False,False,45
rul_main10,FD001,no_no_yes,,5,15.0376,354.05,13.2204,50,0.824,38961,False,False,45
rul_main10,FD001,no_no_yes,,6,13.9292,311.74,11.7113,54,0.758,38961,False,False,45
rul_main10,FD001,no_no_yes,,7,15.2846,414.26,12.4867,51,0.503,38961,False,False,45
rul_main10,FD001,no_no_yes,,8,14.8832,327.27,13.8432,39,0.423,38961,False,False,45
rul_main10,FD001,no_no_yes,,9,14.3712,435.75,14.2389,50,0.813,38961,False,False,45
rul_main10,FD001,yes_yes_no,,0,13.8199,385.18,11.8046,62,1.689,11057,False,False,45
rul_main10,FD001,yes_yes_no,,1,13.3542,363.0,10.8695,65,2.271,11057,False,False,45
rul_main10,FD001,yes_yes_no,,2,13.3496,324.55,14.4225,32,2.301,11057,False,False,45
rul_main10,FD001,yes_yes_no,,3,13.666,338.26,12.3508,65,1.85,11057,False,False,45
rul_main10,FD001,yes_yes_no,,4,13.027,339.86,11.2192,61,1.686,11057,False,False,45
rul_main10,FD001,yes_yes_no,,5,13.9584,386.84,13.4409,55,2.296,11057,False,False,45
rul_main10,FD001,yes_yes_no,,6,13.9168,363.73,10.8951,58,2.576,11057,False,False,45
rul_main10,FD001,yes_yes_no,,7,13.6711,367.02,12.1027,77,1.887,11057,False,False,45
rul_main10,FD001,yes_yes_no,,8,13.193,335.83,12.6643,49,1.701,11057,False,False,45
rul_main10,FD001,yes_yes_no,,9,13.9707,366.31,13.1195,63,2.523,11057,False,False,45
rul_main10,FD001,yes_yes_yes,,0,14.6662,409.16,12.4301,29,1.898,48993,False,False,45
rul_main10,FD001,yes_yes_yes,,1,15.1047,386.86,10.8938,42,3.0,48993,False,False,45
rul_main10,FD001,yes_yes_yes,,2,14.652,528.87,14.4376,49,2.99,48993,False,False,45
rul_main10,FD001,yes_yes_yes,,3,13.897,320.04,11.0922,42,2.164,48993,False,False,45
rul_main10,FD001,yes_yes_yes,,4,13.6355,348.96,11.3589,43,1.89,48993,False,False,45
rul_main10,FD001,yes_yes_yes,,5,15.6417,406.32,13.0632,50,3.005,48993,False,False,45
rul_main10,FD001,yes_yes_yes,,6,14.6716,369.81,11.1525,38,2.975,48993,False,False,45
rul_main10,FD001,yes_yes_yes,,7,15.3692,457.48,13.396,45,2.2,48993,False,False,45
rul_main10,FD001,yes_yes_yes,,8,14.7949,433.87,13.4467,41,1.937,48993,False,False,45
rul_main10,FD001,yes_yes_yes,,9,13.959,376.29,13.1217,29,2.93,48993,False,False,45
rul_main10,FD002,no_no_yes,,0,14.0051,1056.49,14.3282,72,1.032,38961,True,False,45
rul_main10,FD002,no_no_yes,,1,13.2945,892.18,14.9219,78,1.527,38961,True,False,45
rul_main10,FD002,no_no_yes,,2,13.4375,963.77,14.8029,95,0.764,38961,True,False,45
rul_main10,FD002,no_no_yes,,3,12.6022,777.44,13.2868,76,0.99,38961,True,False,45
rul_main10,FD002,no_no_yes,,4,12.6697,759.82,13.5131,104,1.023,38961,True,False,45
rul_main10,FD002,no_no_yes,,5,12.6858,898.38,13.6212,118,1.206,38961,True,False,45
rul_main10,FD002,no_no_yes,,6,12.9247,919.33,14.2569,72,0.782,38961,True,False,45
rul_main10,FD002,no_no_yes,,7,13.7617,1168.99,12.8914,84,0.969,38961,True,False,45
rul_main10,FD002,no_no_yes,,8,12.7197,927.25,14.6379,100,1.022,38961,True,False,45
rul_main10,FD002,no_no_yes,,9,13.2564,1087.57,14.4259,66,1.188,38961,True,False,45
rul_main10,FD002,yes_yes_no,,0,12.6945,740.19,13.3879,98,3.31,7713,True,False,45
rul_main10,FD002,yes_yes_no,,1,13.2812,977.02,15.3109,95,3.803,7713,True,False,45
rul_main10,FD002,yes_yes_no,,2,12.6359,872.48,14.4965,148,3.602,7713,True,False,45
rul_main10,FD002,yes_yes_no,,3,13.3964,854.34,14.3149,113,3.057,7713,True,False,45
rul_main10,FD002,yes_yes_no,,4,12.9973,934.33,14.5341,158,3.1,7713,True,False,45
rul_main10,FD002,yes_yes_no,,5,12.6264,860.34,13.5784,133,3.584,7713,True,False,45
rul_main10,FD002,yes_yes_no,,6,13.248,967.8,14.4324,87,3.221,7713,True,False,45
rul_main10,FD002,yes_yes_no,,7,13.1618,826.23,13.263,78,2.927,7713,True,False,45
rul_main10,FD002,yes_yes_no,,8,12.8555,859.34,14.7772,107,2.885,7713,True,False,45
rul_main10,FD002,yes_yes_no,,9,12.7264,873.61,14.6882,92,3.729,7713,True,False,45
rul_main10,FD002,yes_yes_yes,,0,13.2221,815.02,13.2369,69,3.671,45649,True,False,45
rul_main10,FD002,yes_yes_yes,,1,13.3287,877.11,14.5858,53,5.73,45649,True,False,45
rul_main10,FD002,yes_yes_yes,,2,12.8273,807.09,14.2655,106,5.613,45649,True,False,45
rul_main10,FD002,yes_yes_yes,,3,12.8083,709.75,13.479,56,4.375,45649,True,False,45
rul_main10,FD002,yes_yes_yes,,4,12.8165,768.42,13.7338,65,3.636,45649,True,False,45
rul_main10,FD002,yes_yes_yes,,5,12.9065,819.7,13.406,63,6.206,45649,True,False,45
rul_main10,FD002,yes_yes_yes,,6,12.7604,753.75,13.5435,92,5.783,45649,True,False,45
rul_main10,FD002,yes_yes_yes,,7,13.0706,904.07,12.8382,50,4.121,45649,True,False,45
rul_main10,FD002,yes_yes_yes,,8,13.413,1028.44,14.5157,83,3.389,45649,True,False,45
rul_main10,FD002,yes_yes_yes,,9,13.4325,815.83,13.5666,61,4.458,45649,True,False,45
rul_main10,FD003,no_no_yes,,0,15.6772,499.03,14.2316,78,0.989,38961,False,False,45
rul_main10,FD003,no_no_yes,,1,13.6835,412.09,11.6513,61,0.647,38961,False,False,45
rul_main10,FD003,no_no_yes,,2,14.6847,481.99,12.5334,49,0.521,38961,False,False,45
rul_main10,FD003,no_no_yes,,3,15.7846,964.46,9.4236,55,0.984,38961,False,False,45
rul_main10,FD003,no_no_yes,,4,16.0466,1281.48,12.7591,43,0.983,38961,False,False,45
rul_main10,FD003,no_no_yes,,5,15.2998,810.68,10.6507,56,0.634,38961,False,False,45
rul_main10,FD003,no_no_yes,,6,13.8497,331.85,11.2978,72,0.511,38961,False,False,45
rul_main10,FD003,no_no_yes,,7,15.7488,1002.03,14.7397,52,1.041,38961,False,False,45
rul_main10,FD003,no_no_yes,,8,15.9961,905.2,13.1639,60,1.017,38961,False,False,45
rul_main10,FD003,no_no_yes,,9,15.3075,765.53,10.4947,88,0.632,38961,False,False,45
rul_main10,FD003,yes_yes_no,,0,14.0213,418.25,11.4995,90,2.719,11057,False,False,45
rul_main10,FD003,yes_yes_no,,1,14.1327,425.99,12.4903,74,2.325,11057,False,False,45
rul_main10,FD003,yes_yes_no,,2,14.8968,529.98,12.7721,48,2.108,11057,False,False,45
rul_main10,FD003,yes_yes_no,,3,14.2647,396.05,10.5481,46,2.713,11057,False,False,45
rul_main10,FD003,yes_yes_no,,4,14.5524,490.22,11.5903,52,2.744,11057,False,False,45
rul_main10,FD003,yes_yes_no,,5,13.8684,402.77,10.3136,59,2.244,11057,False,False,45
rul_main10,FD003,yes_yes_no,,6,13.1991,313.19,12.3028,60,2.084,11057,False,False,45
rul_main10,FD003,yes_yes_no,,7,14.3099,445.17,14.7242,72,2.901,11057,False,False,45
rul_main10,FD003,yes_yes_no,,8,12.7501,287.51,12.9845,49,2.813,11057,False,False,45
rul_main10,FD003,yes_yes_no,,9,15.1241,521.78,10.653,104,2.263,11057,False,False,45
rul_main10,FD003,yes_yes_yes,,0,15.3806,602.56,11.5042,39,3.575,48993,False,False,45
rul_main10,FD003,yes_yes_yes,,1,14.0243,441.63,11.3614,43,2.679,48993,False,False,45
rul_main10,FD003,yes_yes_yes,,2,14.2031,436.87,12.5349,44,2.36,48993,False,False,45
rul_main10,FD003,yes_yes_yes,,3,15.3179,485.96,9.8535,44,3.575,48993,False,False,45
rul_main10,FD003,yes_yes_yes,,4,14.4922,473.3,11.6551,29,3.641,48993,False,False,45
rul_main10,FD003,yes_yes_yes,,5,14.7488,482.21,10.4969,31,2.681,48993,False,False,45
rul_main10,FD003,yes_yes_yes,,6,14.4135,324.61,12.0241,69,2.369,48993,False,False,45
rul_main10,FD003,yes_yes_yes,,7,14.6954,658.67,15.389,28,3.806,48993,False,False,45
rul_main10,FD003,yes_yes_yes,,8,13.8686,362.39,11.971,35,3.701,48993,False,False,45
rul_main10,FD003,yes_yes_yes,,9,13.9226,391.1,11.2684,49,2.645,48993,False,False,45
rul_main10,FD004,no_no_yes,,0,14.4789,1246.09,12.9441,81,0.906,38961,True,False,45
rul_main10,FD004,no_no_yes,,1,14.9319,1581.57,13.3246,73,1.191,38961,True,False,45
rul_main10,FD004,no_no_yes,,2,14.5749,1097.89,13.5,104,1.221,38961,True,False,45
rul_main10,FD004,no_no_yes,,3,13.9483,1030.14,16.3278,96,1.814,38961,True,False,45
rul_main10,FD004,no_no_yes,,4,14.4558,1288.93,13.6938,83,0.893,38961,True,False,45
rul_main10,FD004,no_no_yes,,5,13.8254,903.57,14.7977,86,1.186,38961,True,False,45
rul_main10,FD004,no_no_yes,,6,14.8775,1096.85,16.47,82,1.247,38961,True,False,45
rul_main10,FD004,no_no_yes,,7,15.4881,1366.62,13.4383,86,1.795,38961,True,False,45
rul_main10,FD004,no_no_yes,,8,14.0702,951.66,15.565,73,0.895,38961,True,False,45
rul_main10,FD004,no_no_yes,,9,14.1075,939.91,14.3193,92,1.197,38961,True,False,45
rul_main10,FD004,yes_yes_no,,0,13.9702,1038.18,14.2828,147,4.625,7713,True,False,45
rul_main10,FD004,yes_yes_no,,1,16.3336,1624.98,14.4631,79,3.822,7713,True,False,45
rul_main10,FD004,yes_yes_no,,2,13.9738,1035.59,12.9565,165,3.477,7713,True,False,45
rul_main10,FD004,yes_yes_no,,3,13.7101,1054.23,16.572,188,4.896,7713,True,False,45
rul_main10,FD004,yes_yes_no,,4,13.9927,1024.64,13.7317,200,4.613,7713,True,False,45
rul_main10,FD004,yes_yes_no,,5,14.2517,1073.0,14.6663,153,4.475,7713,True,False,45
rul_main10,FD004,yes_yes_no,,6,14.3325,1140.68,16.3828,181,4.004,7713,True,False,45
rul_main10,FD004,yes_yes_no,,7,14.8665,1100.03,12.8967,174,4.779,7713,True,False,45
rul_main10,FD004,yes_yes_no,,8,15.0607,1205.75,15.7922,136,4.231,7713,True,False,45
rul_main10,FD004,yes_yes_no,,9,14.8027,1132.69,14.105,151,4.519,7713,True,False,45
rul_main10,FD004,yes_yes_yes,,0,13.9858,1086.64,13.3286,71,6.665,45649,True,False,45
rul_main10,FD004,yes_yes_yes,,1,15.3452,1489.12,14.5749,77,5.13,45649,True,False,45
rul_main10,FD004,yes_yes_yes,,2,15.5737,1335.85,14.1993,55,4.286,45649,True,False,45
rul_main10,FD004,yes_yes_yes,,3,14.0206,1297.75,16.4246,96,6.943,45649,True,False,45
rul_main10,FD004,yes_yes_yes,,4,14.1371,1275.28,14.1687,88,6.777,45649,True,False,45
rul_main10,FD004,yes_yes_yes,,5,14.1701,1288.22,15.8731,67,5.152,45649,True,False,45
rul_main10,FD004,yes_yes_yes,,6,14.9815,1180.59,16.8451,60,4.417,45649,True,False,45
rul_main10,FD004,yes_yes_yes,,7,14.7218,1163.28,13.0842,48,6.832,45649,True,False,45
rul_main10,FD004,yes_yes_yes,,8,14.7751,1084.49,15.7203,64,6.817,45649,True,False,45
rul_main10,FD004,yes_yes_yes,,9,14.5011,1041.04,14.1716,63,5.263,45649,True,False,45
rul_mfix,FD001,mf_dcnn,5,0,12.8901,306.81,11.0639,198,0.643,71372,False,,40
rul_mfix,FD001,mf_dcnn,5,1,12.2628,237.59,10.7207,132,0.626,71372,False,,40
rul_mfix,FD001,mf_dcnn,5,2,12.1696,201.16,11.5287,157,0.636,71372,False,,40
rul_mfix,FD001,mf_dcnn,5,3,12.8139,347.38,11.8149,160,0.601,71372,False,,40
rul_mfix,FD001,mf_dcnn,5,4,12.6877,274.27,10.3734,179,0.6,71372,False,,40
rul_mfix,FD001,mf_dcnn,5,5,12.6466,247.03,12.2824,80,0.623,71372,False,,40
rul_mfix,FD001,mf_dcnn,5,6,12.0892,236.45,10.6765,179,0.681,71372,False,,40
rul_mfix,FD001,mf_dcnn,5,7,12.341,256.93,11.7462,146,0.608,71372,False,,40
rul_mfix,FD001,mf_dcnn,5,8,12.7628,325.17,11.4794,149,0.66,71372,False,,40
rul_mfix,FD001,mf_dcnn,5,9,13.1322,313.15,13.134,83,0.669,71372,False,,40
rul_mfix,FD001,mf_deltanet,1,0,13.7368,350.6,11.9566,61,10.457,22051,False,,40
rul_mfix,FD001,mf_deltanet,1,1,14.0668,413.82,11.461,56,10.886,22051,False,,40
rul_mfix,FD001,mf_deltanet,1,2,13.9905,377.79,12.6541,43,10.677,22051,False,,40
rul_mfix,FD001,mf_deltanet,1,3,14.4816,428.57,11.9516,66,10.422,22051,False,,40
rul_mfix,FD001,mf_deltanet,1,4,14.7622,385.9,11.8567,55,10.356,22051,False,,40
rul_mfix,FD001,mf_deltanet,20,0,13.7577,296.99,12.8191,89,1.14,22051,False,,40
rul_mfix,FD001,mf_deltanet,20,1,13.3451,335.9,10.9687,117,1.148,22051,False,,40
rul_mfix,FD001,mf_deltanet,20,2,13.4136,322.38,13.1126,74,1.246,22051,False,,40
rul_mfix,FD001,mf_deltanet,20,3,14.5027,589.31,11.606,103,1.197,22051,False,,40
rul_mfix,FD001,mf_deltanet,20,4,13.0425,305.27,11.6688,96,1.137,22051,False,,40
rul_mfix,FD001,mf_deltanet,5,0,13.8402,390.36,12.3554,104,2.852,22051,False,,40
rul_mfix,FD001,mf_deltanet,5,1,13.6487,313.14,11.1265,82,2.866,22051,False,,40
rul_mfix,FD001,mf_deltanet,5,2,13.2644,305.53,12.5373,60,2.897,22051,False,,40
rul_mfix,FD001,mf_deltanet,5,3,13.9067,388.01,11.9011,93,2.797,22051,False,,40
rul_mfix,FD001,mf_deltanet,5,4,13.5078,328.56,11.6055,84,2.601,22051,False,,40
rul_mfix,FD001,mf_deltanet,5,5,14.6693,352.17,12.6853,58,2.805,22051,False,,40
rul_mfix,FD001,mf_deltanet,5,6,13.9416,294.69,11.6334,72,2.847,22051,False,,40
rul_mfix,FD001,mf_deltanet,5,7,13.5417,327.96,12.3203,141,2.791,22051,False,,40
rul_mfix,FD001,mf_deltanet,5,8,13.3378,264.45,13.066,66,2.805,22051,False,,40
rul_mfix,FD001,mf_deltanet,5,9,14.6515,429.22,13.2593,76,2.606,22051,False,,40
rul_mfix,FD001,mf_gated_deltanet,1,0,13.8359,330.38,11.9223,55,14.21,22117,False,,40
rul_mfix,FD001,mf_gated_deltanet,1,1,13.4444,290.1,10.3963,56,14.806,22117,False,,40
rul_mfix,FD001,mf_gated_deltanet,1,2,13.9774,313.96,12.2282,57,15.395,22117,False,,40
rul_mfix,FD001,mf_gated_deltanet,1,3,13.9892,486.48,12.0357,78,14.371,22117,False,,40
rul_mfix,FD001,mf_gated_deltanet,1,4,14.5111,403.9,11.6194,56,13.754,22117,False,,40
rul_mfix,FD001,mf_gated_deltanet,20,0,12.7255,307.66,11.6679,72,1.512,22117,False,,40
rul_mfix,FD001,mf_gated_deltanet,20,1,13.269,337.45,10.7188,104,1.477,22117,False,,40
rul_mfix,FD001,mf_gated_deltanet,20,2,13.2503,325.49,12.7518,71,1.431,22117,False,,40
rul_mfix,FD001,mf_gated_deltanet,20,3,14.2234,430.35,11.9149,100,1.464,22117,False,,40
rul_mfix,FD001,mf_gated_deltanet,20,4,14.4854,401.2,12.3555,34,1.498,22117,False,,40
rul_mfix,FD001,mf_gated_deltanet,5,0,14.0409,376.74,11.5021,92,3.552,22117,False,,40
rul_mfix,FD001,mf_gated_deltanet,5,1,13.8736,385.82,10.8813,81,3.777,22117,False,,40
rul_mfix,FD001,mf_gated_deltanet,5,2,13.9116,432.28,13.0379,87,3.583,22117,False,,40
rul_mfix,FD001,mf_gated_deltanet,5,3,14.2461,430.15,11.551,66,3.6,22117,False,,40
rul_mfix,FD001,mf_gated_deltanet,5,4,13.5155,317.17,11.3108,86,3.459,22117,False,,40
rul_mfix,FD001,mf_gated_deltanet,5,5,14.2478,346.96,12.4176,80,3.577,22117,False,,40
rul_mfix,FD001,mf_gated_deltanet,5,6,13.8317,302.04,11.3791,50,3.512,22117,False,,40
rul_mfix,FD001,mf_gated_deltanet,5,7,13.8664,295.09,12.7323,111,3.533,22117,False,,40
rul_mfix,FD001,mf_gated_deltanet,5,8,13.9789,306.87,11.9542,106,3.737,22117,False,,40
rul_mfix,FD001,mf_gated_deltanet,5,9,12.6381,293.74,12.7375,117,3.474,22117,False,,40
rul_mfix,FD001,mf_linear_attn,1,0,12.806,273.72,11.5586,66,9.963,22051,False,,40
rul_mfix,FD001,mf_linear_attn,1,1,12.7883,255.37,10.4785,84,9.459,22051,False,,40
rul_mfix,FD001,mf_linear_attn,1,2,13.8424,303.89,12.9232,74,9.948,22051,False,,40
rul_mfix,FD001,mf_linear_attn,1,3,15.0649,496.29,12.106,92,9.338,22051,False,,40
rul_mfix,FD001,mf_linear_attn,1,4,13.7187,328.94,11.3417,96,9.338,22051,False,,40
rul_mfix,FD001,mf_linear_attn,20,0,12.8531,290.85,11.6889,66,1.091,22051,False,,40
rul_mfix,FD001,mf_linear_attn,20,1,12.7393,249.5,10.4389,84,1.101,22051,False,,40
rul_mfix,FD001,mf_linear_attn,20,2,13.9124,282.77,12.7397,74,1.134,22051,False,,40
rul_mfix,FD001,mf_linear_attn,20,3,15.0597,498.61,12.1005,92,1.077,22051,False,,40
rul_mfix,FD001,mf_linear_attn,20,4,13.6745,327.21,11.3596,96,1.197,22051,False,,40
rul_mfix,FD001,mf_linear_attn,5,0,12.7861,284.55,11.6903,66,2.446,22051,False,,40
rul_mfix,FD001,mf_linear_attn,5,1,12.609,254.34,10.4625,84,2.48,22051,False,,40
rul_mfix,FD001,mf_linear_attn,5,2,13.7808,288.83,12.8396,71,2.673,22051,False,,40
rul_mfix,FD001,mf_linear_attn,5,3,15.0569,491.26,12.0819,92,2.569,22051,False,,40
rul_mfix,FD001,mf_linear_attn,5,4,13.7696,339.7,11.3677,96,2.492,22051,False,,40
rul_mfix,FD001,mf_linear_attn,5,5,13.659,293.36,12.9404,45,2.584,22051,False,,40
rul_mfix,FD001,mf_linear_attn,5,6,13.6153,312.89,12.1849,46,2.556,22051,False,,40
rul_mfix,FD001,mf_linear_attn,5,7,15.2165,557.89,12.2841,102,2.69,22051,False,,40
rul_mfix,FD001,mf_linear_attn,5,8,13.9853,347.01,13.5668,66,2.47,22051,False,,40
rul_mfix,FD001,mf_linear_attn,5,9,12.9537,303.78,13.4775,84,2.521,22051,False,,40
rul_mfix,FD001,mf_mamba2,5,0,14.0535,325.79,11.8275,66,3.406,22117,False,,40
rul_mfix,FD001,mf_mamba2,5,1,14.8945,337.07,10.613,84,3.41,22117,False,,40
rul_mfix,FD001,mf_mamba2,5,2,13.9911,356.43,12.6314,71,3.43,22117,False,,40
rul_mfix,FD001,mf_mamba2,5,3,13.8343,478.22,11.6494,85,3.302,22117,False,,40
rul_mfix,FD001,mf_mamba2,5,4,13.9934,336.48,12.1792,58,3.474,22117,False,,40
rul_mfix,FD001,mf_mamba2,5,5,13.5473,296.97,13.3079,57,3.54,22117,False,,40
rul_mfix,FD001,mf_mamba2,5,6,13.2838,313.5,11.8477,51,3.385,22117,False,,40
rul_mfix,FD001,mf_mamba2,5,7,14.0169,367.08,12.9304,77,3.398,22117,False,,40
rul_mfix,FD001,mf_mamba2,5,8,14.3396,349.92,13.0641,66,3.489,22117,False,,40
rul_mfix,FD001,mf_mamba2,5,9,13.2677,305.3,13.3462,62,3.586,22117,False,,40
rul_mfix,FD001,mf_memora,5,0,13.5078,315.85,11.2464,92,4.413,22119,False,,40
rul_mfix,FD001,mf_memora,5,1,13.3926,328.05,10.2494,95,4.429,22119,False,,40
rul_mfix,FD001,mf_memora,5,2,14.2161,477.34,13.2462,87,4.341,22119,False,,40
rul_mfix,FD001,mf_memora,5,3,13.4039,347.1,11.9747,102,4.153,22119,False,,40
rul_mfix,FD001,mf_memora,5,4,13.3297,309.62,11.457,63,4.308,22119,False,,40
rul_mfix,FD001,mf_memora,5,5,13.4742,338.97,12.4941,57,4.623,22119,False,,40
rul_mfix,FD001,mf_memora,5,6,13.6455,315.1,11.3461,80,4.172,22119,False,,40
rul_mfix,FD001,mf_memora,5,7,14.4022,416.89,12.2164,113,4.43,22119,False,,40
rul_mfix,FD001,mf_memora,5,8,13.8519,390.1,13.2207,60,4.527,22119,False,,40
rul_mfix,FD001,mf_memora,5,9,13.2074,301.28,12.5673,91,4.752,22119,False,,40
rul_mfix,FD001,mf_moneta,5,0,14.7523,510.46,11.9353,137,4.486,22117,False,,40
rul_mfix,FD001,mf_moneta,5,1,15.2839,538.66,12.3366,89,4.449,22117,False,,40
rul_mfix,FD001,mf_moneta,5,2,12.9779,450.98,14.0837,156,4.437,22117,False,,40
rul_mfix,FD001,mf_moneta,5,3,13.4354,352.66,12.0545,139,4.351,22117,False,,40
rul_mfix,FD001,mf_moneta,5,4,13.8898,352.47,11.7332,133,4.23,22117,False,,40
rul_mfix,FD001,mf_moneta,5,5,14.4098,351.95,14.0562,118,4.825,22117,False,,40
rul_mfix,FD001,mf_moneta,5,6,14.0362,420.97,12.6934,110,4.341,22117,False,,40
rul_mfix,FD001,mf_moneta,5,7,13.8455,358.69,12.5384,156,4.449,22117,False,,40
rul_mfix,FD001,mf_moneta,5,8,14.5965,351.93,14.5621,62,4.494,22117,False,,40
rul_mfix,FD001,mf_moneta,5,9,13.1996,313.75,13.8711,86,4.224,22117,False,,40
rul_mfix,FD001,mf_titans+bilstm,5,0,14.2064,400.09,11.5223,94,5.765,64199,False,,40
rul_mfix,FD001,mf_titans+bilstm,5,1,14.716,452.19,10.8736,153,6.245,64199,False,,40
rul_mfix,FD001,mf_titans+bilstm,5,2,13.1282,293.5,12.3847,57,6.031,64199,False,,40
rul_mfix,FD001,mf_titans+bilstm,5,3,13.7021,477.1,11.9542,79,5.827,64199,False,,40
rul_mfix,FD001,mf_titans+bilstm,5,4,13.9057,318.77,11.5836,72,5.749,64199,False,,40
rul_mfix,FD001,mf_titans+bilstm,5,5,14.3225,336.28,12.4907,48,6.067,64199,False,,40
rul_mfix,FD001,mf_titans+bilstm,5,6,12.8919,287.02,11.8141,91,6.064,64199,False,,40
rul_mfix,FD001,mf_titans+bilstm,5,7,13.8667,363.14,12.3332,78,6.298,64199,False,,40
rul_mfix,FD001,mf_titans+bilstm,5,8,13.8627,277.99,12.8638,66,6.01,64199,False,,40
rul_mfix,FD001,mf_titans+bilstm,5,9,13.0563,310.01,13.136,66,5.573,64199,False,,40
rul_mfix,FD001,mf_titans_B3trip,5,0,14.9563,455.44,12.2526,77,5.649,22570,False,,40
rul_mfix,FD001,mf_titans_B3trip,5,1,15.3747,430.8,12.9165,110,6.715,22570,False,,40
rul_mfix,FD001,mf_titans_B3trip,5,2,14.377,435.17,14.4136,79,6.202,22570,False,,40
rul_mfix,FD001,mf_titans_B3trip,5,3,15.0628,415.09,12.1028,95,6.797,22570,False,,40
rul_mfix,FD001,mf_titans_B3trip,5,4,15.379,425.95,13.3966,68,5.884,22570,False,,40
rul_mfix,FD001,mf_titans_B3trip,5,5,13.1298,272.38,13.1848,60,6.795,22570,False,,40
rul_mfix,FD001,mf_titans_B3trip,5,6,14.9234,460.83,13.2346,72,6.438,22570,False,,40
rul_mfix,FD001,mf_titans_B3trip,5,7,14.2466,390.35,13.233,64,5.782,22570,False,,40
rul_mfix,FD001,mf_titans_B3trip,5,8,14.6115,372.85,12.6227,142,6.632,22570,False,,40
rul_mfix,FD001,mf_titans_B3trip,5,9,15.01,566.44,14.5036,76,5.499,22570,False,,40
rul_mfix,FD001,mf_titans_R4,5,0,14.2669,373.25,11.9914,96,6.093,22695,False,,40
rul_mfix,FD001,mf_titans_R4,5,1,13.4188,292.53,10.9187,73,6.626,22695,False,,40
rul_mfix,FD001,mf_titans_R4,5,2,15.4658,450.8,18.3309,75,6.105,22695,False,,40
rul_mfix,FD001,mf_titans_R4,5,3,14.6765,383.79,16.1635,118,6.441,22695,False,,40
rul_mfix,FD001,mf_titans_R4,5,4,12.8462,286.46,11.452,151,6.091,22695,False,,40
rul_mfix,FD001,mf_titans_R4,5,5,15.1458,400.91,16.7724,107,6.132,22695,False,,40
rul_mfix,FD001,mf_titans_R4,5,6,13.737,293.33,11.2619,111,6.001,22695,False,,40
rul_mfix,FD001,mf_titans_R4,5,7,15.3428,421.12,16.6685,75,6.087,22695,False,,40
rul_mfix,FD001,mf_titans_R4,5,8,13.4129,330.63,13.0566,100,6.293,22695,False,,40
rul_mfix,FD001,mf_titans_R4,5,9,13.3658,377.43,12.8969,112,6.255,22695,False,,40
rul_mfix,FD001,mf_titans_S,5,0,12.5707,309.54,10.5625,112,7.535,44365,False,,40
rul_mfix,FD001,mf_titans_S,5,1,12.7273,302.83,10.8332,108,7.445,44365,False,,40
rul_mfix,FD001,mf_titans_S,5,2,12.5366,311.69,11.6652,81,6.711,44365,False,,40
rul_mfix,FD001,mf_titans_S,5,3,12.4376,322.7,11.3342,116,7.246,44365,False,,40
rul_mfix,FD001,mf_titans_S,5,4,12.6358,294.41,9.4951,148,7.087,44365,False,,40
rul_mfix,FD001,mf_titans_S,5,5,12.7084,365.38,12.6948,80,7.848,44365,False,,40
rul_mfix,FD001,mf_titans_S,5,6,12.2275,244.48,10.1991,93,7.079,44365,False,,40
rul_mfix,FD001,mf_titans_S,5,7,12.7491,313.74,11.6799,120,7.406,44365,False,,40
rul_mfix,FD001,mf_titans_S,5,8,12.9854,361.59,12.0176,96,7.354,44365,False,,40
rul_mfix,FD001,mf_titans_S,5,9,12.634,340.61,11.7549,78,7.073,44365,False,,40
rul_mfix,FD001,mf_titans,1,0,13.996,373.83,11.9806,61,26.361,22183,False,,40
rul_mfix,FD001,mf_titans,1,1,13.8971,385.88,11.1943,91,26.291,22183,False,,40
rul_mfix,FD001,mf_titans,1,2,14.0032,325.43,11.7886,65,27.278,22183,False,,40
rul_mfix,FD001,mf_titans,1,3,14.3814,477.08,12.193,93,27.461,22183,False,,40
rul_mfix,FD001,mf_titans,1,4,14.5549,397.23,11.9622,51,26.962,22183,False,,40
rul_mfix,FD001,mf_titans,20,0,13.2148,322.89,11.2479,140,2.245,22183,False,,40
rul_mfix,FD001,mf_titans,20,1,13.6214,370.01,10.876,121,2.333,22183,False,,40
rul_mfix,FD001,mf_titans,20,2,13.5364,312.3,12.3945,71,2.3,22183,False,,40
rul_mfix,FD001,mf_titans,20,3,13.8383,406.08,11.9268,103,2.237,22183,False,,40
rul_mfix,FD001,mf_titans,20,4,13.9331,385.59,11.3866,139,2.24,22183,False,,40
rul_mfix,FD001,mf_titans,5,0,12.8771,282.75,11.1052,131,5.626,22183,False,,40
rul_mfix,FD001,mf_titans,5,1,12.9078,307.05,10.3974,179,5.697,22183,False,,40
rul_mfix,FD001,mf_titans,5,2,13.8812,302.93,12.062,124,5.647,22183,False,,40
rul_mfix,FD001,mf_titans,5,3,13.7933,351.08,11.9279,120,5.934,22183,False,,40
rul_mfix,FD001,mf_titans,5,4,13.5472,333.38,11.6022,87,5.47,22183,False,,40
rul_mfix,FD001,mf_titans,5,5,12.9877,259.56,12.0783,80,5.872,22183,False,,40
rul_mfix,FD001,mf_titans,5,6,13.553,306.56,11.497,144,5.701,22183,False,,40
rul_mfix,FD001,mf_titans,5,7,13.7032,327.05,12.7414,92,5.613,22183,False,,40
rul_mfix,FD001,mf_titans,5,8,15.4529,463.21,13.3652,77,5.672,22183,False,,40
rul_mfix,FD001,mf_titans,5,9,14.0227,356.68,13.1342,94,5.348,22183,False,,40
rul_mfix,FD001,mf_yaad,5,0,13.4769,331.0,11.4861,200,3.959,22183,False,,40
rul_mfix,FD001,mf_yaad,5,1,13.6695,335.06,11.9442,112,3.975,22183,False,,40
rul_mfix,FD001,mf_yaad,5,2,13.2933,297.03,13.2259,137,4.132,22183,False,,40
rul_mfix,FD001,mf_yaad,5,3,13.0837,306.81,12.2193,187,4.096,22183,False,,40
rul_mfix,FD001,mf_yaad,5,4,13.3295,299.31,11.4744,71,3.807,22183,False,,40
rul_mfix,FD001,mf_yaad,5,5,13.7212,315.03,12.2922,130,4.038,22183,False,,40
rul_mfix,FD001,mf_yaad,5,6,15.3844,454.77,14.7778,109,4.087,22183,False,,40
rul_mfix,FD001,mf_yaad,5,7,14.7969,450.97,14.0145,200,4.422,22183,False,,40
rul_mfix,FD001,mf_yaad,5,8,14.2161,429.36,13.0729,96,4.01,22183,False,,40
rul_mfix,FD001,mf_yaad,5,9,13.7823,355.2,13.0309,140,4.078,22183,False,,40
rul_mfix,FD001,sta_nophys,,0,12.5855,279.17,10.6846,240,1.658,32543,False,,40
rul_mfix,FD001,sta_nophys,,1,12.5357,316.1,10.4687,79,1.695,32543,False,,40
rul_mfix,FD001,sta_nophys,,2,11.3487,233.52,11.9079,72,1.619,32543,False,,40
rul_mfix,FD001,sta_nophys,,3,12.6362,278.45,11.9946,125,1.73,32543,False,,40
rul_mfix,FD001,sta_nophys,,4,11.3147,234.55,8.9425,98,1.576,32543,False,,40
rul_mfix,FD001,sta_nophys,,5,11.742,228.76,10.3685,60,1.719,32543,False,,40
rul_mfix,FD001,sta_nophys,,6,11.14,218.8,10.251,98,1.585,32543,False,,40
rul_mfix,FD001,sta_nophys,,7,11.104,231.71,10.5839,130,1.565,32543,False,,40
rul_mfix,FD001,sta_nophys,,8,11.6662,276.99,11.3131,66,1.53,32543,False,,40
rul_mfix,FD001,sta_nophys,,9,10.8644,200.66,10.868,59,1.642,32543,False,,40
rul_mfix,FD002,mf_dcnn,5,0,12.3088,620.98,11.5454,56,2.3,105372,True,,60
rul_mfix,FD002,mf_dcnn,5,1,12.2405,591.71,12.0321,87,2.31,105372,True,,60
rul_mfix,FD002,mf_dcnn,5,2,13.0249,717.87,12.6713,78,2.573,105372,True,,60
rul_mfix,FD002,mf_dcnn,5,3,12.1353,663.97,12.7047,85,2.07,105372,True,,60
rul_mfix,FD002,mf_dcnn,5,4,12.2085,606.08,12.5717,53,2.305,105372,True,,60
rul_mfix,FD002,mf_dcnn,5,5,12.0497,620.85,11.9855,57,2.164,105372,True,,60
rul_mfix,FD002,mf_dcnn,5,6,11.8951,570.77,11.8254,74,2.373,105372,True,,60
rul_mfix,FD002,mf_dcnn,5,7,12.1806,726.73,11.5385,61,2.235,105372,True,,60
rul_mfix,FD002,mf_dcnn,5,8,12.44,626.33,13.6063,49,2.486,105372,True,,60
rul_mfix,FD002,mf_dcnn,5,9,11.9971,582.48,12.3519,58,2.331,105372,True,,60
rul_mfix,FD002,mf_deltanet,5,0,13.3849,900.15,13.7287,34,9.724,22691,True,,60
rul_mfix,FD002,mf_deltanet,5,1,13.7554,1027.56,14.5939,43,10.225,22691,True,,60
rul_mfix,FD002,mf_deltanet,5,2,12.7362,800.41,15.6403,39,9.67,22691,True,,60
rul_mfix,FD002,mf_deltanet,5,3,13.2648,919.39,13.7397,35,10.395,22691,True,,60
rul_mfix,FD002,mf_deltanet,5,4,13.335,770.43,14.2378,38,9.765,22691,True,,60
rul_mfix,FD002,mf_deltanet,5,5,14.2356,1022.62,14.0146,41,9.917,22691,True,,60
rul_mfix,FD002,mf_deltanet,5,6,13.1037,705.98,13.2553,39,9.536,22691,True,,60
rul_mfix,FD002,mf_deltanet,5,7,12.85,850.3,13.7077,36,9.346,22691,True,,60
rul_mfix,FD002,mf_deltanet,5,8,13.4383,934.66,14.879,38,10.04,22691,True,,60
rul_mfix,FD002,mf_deltanet,5,9,12.9211,699.49,14.7079,39,10.137,22691,True,,60
rul_mfix,FD002,mf_gated_deltanet,5,0,13.7686,896.97,12.7285,41,13.211,22757,True,,60
rul_mfix,FD002,mf_gated_deltanet,5,1,13.5368,759.61,14.7304,42,13.082,22757,True,,60
rul_mfix,FD002,mf_gated_deltanet,5,2,14.1475,1028.59,15.7478,41,12.348,22757,True,,60
rul_mfix,FD002,mf_gated_deltanet,5,3,14.9074,1115.42,15.2365,48,13.875,22757,True,,60
rul_mfix,FD002,mf_gated_deltanet,5,4,12.9387,792.48,13.6912,38,12.907,22757,True,,60
rul_mfix,FD002,mf_gated_deltanet,5,5,12.0542,641.33,13.2911,38,13.687,22757,True,,60
rul_mfix,FD002,mf_gated_deltanet,5,6,13.3931,797.36,12.7254,39,13.383,22757,True,,60
rul_mfix,FD002,mf_gated_deltanet,5,7,13.1926,852.01,13.0765,36,12.683,22757,True,,60
rul_mfix,FD002,mf_gated_deltanet,5,8,12.7036,870.54,14.2164,40,12.832,22757,True,,60
rul_mfix,FD002,mf_gated_deltanet,5,9,13.4428,843.77,13.9595,38,12.761,22757,True,,60
rul_mfix,FD002,mf_linear_attn,5,0,15.3236,1052.57,14.2198,52,8.715,22691,True,,60
rul_mfix,FD002,mf_linear_attn,5,1,15.601,1283.72,14.0729,43,8.968,22691,True,,60
rul_mfix,FD002,mf_linear_attn,5,2,14.801,1149.89,15.5899,41,8.619,22691,True,,60
rul_mfix,FD002,mf_linear_attn,5,3,14.5114,982.48,14.3772,35,8.892,22691,True,,60
rul_mfix,FD002,mf_linear_attn,5,4,14.0293,1142.25,15.0254,43,9.014,22691,True,,60
rul_mfix,FD002,mf_linear_attn,5,5,13.6522,873.84,14.5948,38,8.805,22691,True,,60
rul_mfix,FD002,mf_linear_attn,5,6,13.8875,897.1,13.4231,39,9.044,22691,True,,60
rul_mfix,FD002,mf_linear_attn,5,7,14.2218,1148.73,13.3778,43,8.283,22691,True,,60
rul_mfix,FD002,mf_linear_attn,5,8,13.6945,986.28,14.7581,36,8.888,22691,True,,60
rul_mfix,FD002,mf_linear_attn,5,9,15.0151,1069.27,14.8264,46,9.258,22691,True,,60
rul_mfix,FD002,mf_mamba2,5,0,12.7933,757.77,12.5474,40,11.694,22757,True,,60
rul_mfix,FD002,mf_mamba2,5,1,13.8968,865.9,15.9364,47,12.43,22757,True,,60
rul_mfix,FD002,mf_mamba2,5,2,13.7665,969.08,15.0821,45,11.857,22757,True,,60
rul_mfix,FD002,mf_mamba2,5,3,14.3201,1208.93,14.4747,37,11.71,22757,True,,60
rul_mfix,FD002,mf_mamba2,5,4,12.7511,745.73,13.5724,41,11.685,22757,True,,60
rul_mfix,FD002,mf_mamba2,5,5,12.6937,630.82,13.9774,38,12.119,22757,True,,60
rul_mfix,FD002,mf_mamba2,5,6,16.4399,1207.29,14.3952,83,12.389,22757,True,,60
rul_mfix,FD002,mf_mamba2,5,7,12.8267,930.77,11.8557,40,11.89,22757,True,,60
rul_mfix,FD002,mf_mamba2,5,8,12.7021,739.16,14.724,39,11.745,22757,True,,60
rul_mfix,FD002,mf_mamba2,5,9,14.4614,1142.07,15.1563,37,11.972,22757,True,,60
rul_mfix,FD002,mf_memora,5,0,12.2598,659.13,12.6933,45,16.646,22759,True,,60
rul_mfix,FD002,mf_memora,5,1,12.2567,635.35,13.744,52,17.168,22759,True,,60
rul_mfix,FD002,mf_memora,5,2,12.3302,732.11,13.7519,46,16.091,22759,True,,60
rul_mfix,FD002,mf_memora,5,3,12.8841,738.12,13.1173,44,17.283,22759,True,,60
rul_mfix,FD002,mf_memora,5,4,12.1962,679.66,12.1255,55,15.416,22759,True,,60
rul_mfix,FD002,mf_memora,5,5,11.4856,576.06,12.606,54,16.012,22759,True,,60
rul_mfix,FD002,mf_memora,5,6,12.5,730.56,13.5004,49,17.866,22759,True,,60
rul_mfix,FD002,mf_memora,5,7,12.5633,722.92,13.1222,42,15.276,22759,True,,60
rul_mfix,FD002,mf_memora,5,8,12.2324,669.79,13.8159,47,15.776,22759,True,,60
rul_mfix,FD002,mf_memora,5,9,12.2421,618.94,12.9567,45,17.341,22759,True,,60
rul_mfix,FD002,mf_moneta,5,0,14.7377,1259.76,14.3043,52,16.391,22757,True,,60
rul_mfix,FD002,mf_moneta,5,1,14.6999,922.98,15.0125,62,16.29,22757,True,,60
rul_mfix,FD002,mf_moneta,5,2,13.8329,1062.87,15.7919,52,16.905,22757,True,,60
rul_mfix,FD002,mf_moneta,5,3,13.2132,937.59,14.0543,53,16.677,22757,True,,60
rul_mfix,FD002,mf_moneta,5,4,14.1431,982.95,14.4916,56,16.651,22757,True,,60
rul_mfix,FD002,mf_moneta,5,5,12.159,781.62,14.0898,41,16.988,22757,True,,60
rul_mfix,FD002,mf_moneta,5,6,14.3471,919.23,13.7433,64,16.438,22757,True,,60
rul_mfix,FD002,mf_moneta,5,7,13.1737,944.8,14.0185,53,16.955,22757,True,,60
rul_mfix,FD002,mf_moneta,5,8,13.7021,1025.55,14.9369,49,17.129,22757,True,,60
rul_mfix,FD002,mf_moneta,5,9,13.1455,745.38,15.0033,41,17.213,22757,True,,60
rul_mfix,FD002,mf_titans+bilstm,5,0,13.4497,845.82,13.4614,29,22.468,64839,True,,60
rul_mfix,FD002,mf_titans+bilstm,5,1,13.458,872.43,15.8933,29,24.051,64839,True,,60
rul_mfix,FD002,mf_titans+bilstm,5,2,13.9562,1123.0,16.9193,30,22.02,64839,True,,60
rul_mfix,FD002,mf_titans+bilstm,5,3,13.7615,853.18,14.0279,62,23.358,64839,True,,60
rul_mfix,FD002,mf_titans+bilstm,5,4,14.6876,1080.04,14.9573,31,22.219,64839,True,,60
rul_mfix,FD002,mf_titans+bilstm,5,5,13.3728,876.12,14.2462,30,22.422,64839,True,,60
rul_mfix,FD002,mf_titans+bilstm,5,6,14.2305,891.63,14.5368,34,22.893,64839,True,,60
rul_mfix,FD002,mf_titans+bilstm,5,7,13.2229,854.13,13.9647,39,22.269,64839,True,,60
rul_mfix,FD002,mf_titans+bilstm,5,8,13.4667,1172.01,15.3066,30,23.066,64839,True,,60
rul_mfix,FD002,mf_titans+bilstm,5,9,13.8206,878.35,15.2951,29,21.001,64839,True,,60
rul_mfix,FD002,mf_titans_B3trip,5,0,13.0707,729.88,13.6218,69,22.134,23210,True,,60
rul_mfix,FD002,mf_titans_B3trip,5,1,13.949,1132.34,14.5254,101,20.694,23210,True,,60
rul_mfix,FD002,mf_titans_B3trip,5,2,13.9878,947.77,15.4872,71,21.676,23210,True,,60
rul_mfix,FD002,mf_titans_B3trip,5,3,15.1584,1065.09,14.8427,103,21.566,23210,True,,60
rul_mfix,FD002,mf_titans_B3trip,5,4,14.4173,932.32,14.5756,74,20.719,23210,True,,60
rul_mfix,FD002,mf_titans_B3trip,5,5,13.3328,1038.85,13.6313,65,22.29,23210,True,,60
rul_mfix,FD002,mf_titans_B3trip,5,6,14.3519,1056.38,13.428,56,22.177,23210,True,,60
rul_mfix,FD002,mf_titans_B3trip,5,7,13.2703,891.67,14.1001,64,20.762,23210,True,,60
rul_mfix,FD002,mf_titans_B3trip,5,8,14.3808,1104.32,15.8163,84,21.214,23210,True,,60
rul_mfix,FD002,mf_titans_B3trip,5,9,13.7193,749.69,14.6108,85,19.712,23210,True,,60
rul_mfix,FD002,mf_titans_R4,5,0,12.679,648.62,13.0319,40,20.536,23335,True,,60
rul_mfix,FD002,mf_titans_R4,5,1,12.7194,790.72,14.2796,52,23.442,23335,True,,60
rul_mfix,FD002,mf_titans_R4,5,2,13.6599,900.69,14.9857,87,21.519,23335,True,,60
rul_mfix,FD002,mf_titans_R4,5,3,12.7256,764.32,13.5421,44,23.648,23335,True,,60
rul_mfix,FD002,mf_titans_R4,5,4,12.2004,666.27,13.0773,79,22.713,23335,True,,60
rul_mfix,FD002,mf_titans_R4,5,5,12.7174,778.01,13.67,51,22.146,23335,True,,60
rul_mfix,FD002,mf_titans_R4,5,6,13.3737,853.07,12.7806,60,22.868,23335,True,,60
rul_mfix,FD002,mf_titans_R4,5,7,12.5649,945.53,12.5484,42,21.879,23335,True,,60
rul_mfix,FD002,mf_titans_R4,5,8,12.5493,875.43,14.2605,46,22.536,23335,True,,60
rul_mfix,FD002,mf_titans_R4,5,9,12.5305,622.8,13.6847,46,23.107,23335,True,,60
rul_mfix,FD002,mf_titans_S,5,0,19.3664,2286.81,12.5382,36,21.243,45645,True,,60
rul_mfix,FD002,mf_titans_S,5,1,19.137,2125.36,13.2541,42,23.339,45645,True,,60
rul_mfix,FD002,mf_titans_S,5,2,18.2157,1958.29,13.4277,45,22.933,45645,True,,60
rul_mfix,FD002,mf_titans_S,5,3,20.3206,3470.11,13.0554,49,22.054,45645,True,,60
rul_mfix,FD002,mf_titans_S,5,4,19.7073,2410.54,12.6182,40,22.447,45645,True,,60
rul_mfix,FD002,mf_titans_S,5,5,20.5366,3200.03,12.43,43,22.874,45645,True,,60
rul_mfix,FD002,mf_titans_S,5,6,18.8495,1935.69,13.0014,40,22.731,45645,True,,60
rul_mfix,FD002,mf_titans_S,5,7,19.6929,2670.31,12.0593,39,22.837,45645,True,,60
rul_mfix,FD002,mf_titans_S,5,8,17.8753,1845.11,13.0983,60,22.934,45645,True,,60
rul_mfix,FD002,mf_titans_S,5,9,20.8117,3241.38,13.8994,38,22.811,45645,True,,60
rul_mfix,FD002,mf_titans,5,0,12.6642,686.8,13.1546,40,22.294,22823,True,,60
rul_mfix,FD002,mf_titans,5,1,12.9132,760.39,14.4891,52,22.459,22823,True,,60
rul_mfix,FD002,mf_titans,5,2,13.1374,756.47,15.4843,39,21.448,22823,True,,60
rul_mfix,FD002,mf_titans,5,3,13.0942,805.01,14.2918,44,21.55,22823,True,,60
rul_mfix,FD002,mf_titans,5,4,13.2475,875.17,13.657,42,20.973,22823,True,,60
rul_mfix,FD002,mf_titans,5,5,13.1019,835.47,12.9875,46,22.838,22823,True,,60
rul_mfix,FD002,mf_titans,5,6,14.1325,955.77,13.3098,45,22.233,22823,True,,60
rul_mfix,FD002,mf_titans,5,7,12.9927,783.61,13.2343,36,21.497,22823,True,,60
rul_mfix,FD002,mf_titans,5,8,13.6771,1064.01,15.2571,44,21.828,22823,True,,60
rul_mfix,FD002,mf_titans,5,9,13.5792,908.72,14.3208,59,21.762,22823,True,,60
rul_mfix,FD002,mf_yaad,5,0,12.4057,670.4,13.048,48,15.101,22823,True,,60
rul_mfix,FD002,mf_yaad,5,1,13.8632,734.6,14.0398,120,15.381,22823,True,,60
rul_mfix,FD002,mf_yaad,5,2,13.6783,804.6,14.8091,79,14.467,22823,True,,60
rul_mfix,FD002,mf_yaad,5,3,13.3849,711.17,14.2302,119,14.874,22823,True,,60
rul_mfix,FD002,mf_yaad,5,4,15.9246,1203.64,18.8581,94,15.825,22823,True,,60
rul_mfix,FD002,mf_yaad,5,5,13.5402,1238.4,14.2545,75,14.853,22823,True,,60
rul_mfix,FD002,mf_yaad,5,6,12.7668,728.06,13.9562,70,15.402,22823,True,,60
rul_mfix,FD002,mf_yaad,5,7,12.5658,792.45,13.2644,61,14.992,22823,True,,60
rul_mfix,FD002,mf_yaad,5,8,13.0464,795.65,14.3457,105,15.26,22823,True,,60
rul_mfix,FD002,mf_yaad,5,9,13.3027,1076.75,13.9363,59,16.296,22823,True,,60
rul_mfix,FD002,sta_nophys,,0,15.3441,1150.35,10.5114,65,2.187,33243,True,,60
rul_mfix,FD002,sta_nophys,,1,15.7908,1646.67,11.9151,49,2.177,33243,True,,60
rul_mfix,FD002,sta_nophys,,2,13.4294,889.6,11.5284,56,2.021,33243,True,,60
rul_mfix,FD002,sta_nophys,,3,14.7915,980.41,13.4095,102,2.168,33243,True,,60
rul_mfix,FD002,sta_nophys,,4,14.4531,862.22,10.9144,59,2.083,33243,True,,60
rul_mfix,FD002,sta_nophys,,5,13.5648,1013.39,11.107,49,1.944,33243,True,,60
rul_mfix,FD002,sta_nophys,,6,12.4689,578.11,11.606,45,2.107,33243,True,,60
rul_mfix,FD002,sta_nophys,,7,12.2848,616.83,11.8897,43,1.929,33243,True,,60
rul_mfix,FD002,sta_nophys,,8,14.2486,932.08,11.8754,55,2.029,33243,True,,60
rul_mfix,FD002,sta_nophys,,9,13.0072,745.9,11.1534,48,2.034,33243,True,,60
rul_mfix,FD003,mf_dcnn,5,0,12.7769,314.57,10.68,121,0.976,105372,False,,60
rul_mfix,FD003,mf_dcnn,5,1,11.543,216.11,10.6806,97,1.493,105372,False,,60
rul_mfix,FD003,mf_dcnn,5,2,11.685,240.28,11.6072,98,1.064,105372,False,,60
rul_mfix,FD003,mf_dcnn,5,3,11.7821,256.39,9.5826,113,0.965,105372,False,,60
rul_mfix,FD003,mf_dcnn,5,4,12.0648,276.87,11.1372,93,0.957,105372,False,,60
rul_mfix,FD003,mf_dcnn,5,5,12.4759,292.55,10.4114,86,1.458,105372,False,,60
rul_mfix,FD003,mf_dcnn,5,6,12.4777,274.63,10.9934,104,0.99,105372,False,,60
rul_mfix,FD003,mf_dcnn,5,7,12.1168,219.49,12.575,59,1.471,105372,False,,60
rul_mfix,FD003,mf_dcnn,5,8,12.2427,274.14,11.6149,97,0.967,105372,False,,60
rul_mfix,FD003,mf_dcnn,5,9,12.0437,256.54,9.887,124,1.083,105372,False,,60
rul_mfix,FD003,mf_deltanet,5,0,15.3676,575.03,11.7707,97,4.481,22691,False,,60
rul_mfix,FD003,mf_deltanet,5,1,14.0148,490.9,12.1405,97,4.749,22691,False,,60
rul_mfix,FD003,mf_deltanet,5,2,14.4073,442.6,12.0929,96,4.596,22691,False,,60
rul_mfix,FD003,mf_deltanet,5,3,14.5709,555.8,11.1757,59,4.123,22691,False,,60
rul_mfix,FD003,mf_deltanet,5,4,13.3281,368.79,12.1861,64,4.74,22691,False,,60
rul_mfix,FD003,mf_deltanet,5,5,12.7216,344.84,11.2529,127,4.311,22691,False,,60
rul_mfix,FD003,mf_deltanet,5,6,13.1058,327.32,12.7462,83,4.323,22691,False,,60
rul_mfix,FD003,mf_deltanet,5,7,12.534,283.44,13.0541,114,4.364,22691,False,,60
rul_mfix,FD003,mf_deltanet,5,8,15.6953,743.13,12.8468,77,4.238,22691,False,,60
rul_mfix,FD003,mf_deltanet,5,9,14.4074,496.59,9.5171,150,4.564,22691,False,,60
rul_mfix,FD003,mf_gated_deltanet,5,0,14.7145,982.74,13.5534,67,6.216,22757,False,,60
rul_mfix,FD003,mf_gated_deltanet,5,1,13.6624,362.77,12.9072,74,5.954,22757,False,,60
rul_mfix,FD003,mf_gated_deltanet,5,2,13.5854,319.15,11.7366,84,6.384,22757,False,,60
rul_mfix,FD003,mf_gated_deltanet,5,3,13.0042,324.95,9.9008,100,5.86,22757,False,,60
rul_mfix,FD003,mf_gated_deltanet,5,4,14.4991,727.83,12.0357,116,6.112,22757,False,,60
rul_mfix,FD003,mf_gated_deltanet,5,5,13.9052,379.24,11.1081,132,6.018,22757,False,,60
rul_mfix,FD003,mf_gated_deltanet,5,6,15.1847,620.65,13.1476,42,6.121,22757,False,,60
rul_mfix,FD003,mf_gated_deltanet,5,7,13.1631,288.66,13.4511,103,6.366,22757,False,,60
rul_mfix,FD003,mf_gated_deltanet,5,8,14.8545,1087.89,12.113,81,6.014,22757,False,,60
rul_mfix,FD003,mf_gated_deltanet,5,9,13.1524,380.19,10.941,121,5.597,22757,False,,60
rul_mfix,FD003,mf_linear_attn,5,0,15.4609,501.93,13.7544,88,4.012,22691,False,,60
rul_mfix,FD003,mf_linear_attn,5,1,12.0699,265.67,11.4926,76,4.012,22691,False,,60
rul_mfix,FD003,mf_linear_attn,5,2,12.9402,297.27,11.9827,76,4.364,22691,False,,60
rul_mfix,FD003,mf_linear_attn,5,3,12.7649,299.26,9.9005,68,3.826,22691,False,,60
rul_mfix,FD003,mf_linear_attn,5,4,13.6979,348.51,11.3595,73,3.743,22691,False,,60
rul_mfix,FD003,mf_linear_attn,5,5,13.4279,394.58,11.4063,94,4.076,22691,False,,60
rul_mfix,FD003,mf_linear_attn,5,6,13.8961,352.35,13.3396,62,4.225,22691,False,,60
rul_mfix,FD003,mf_linear_attn,5,7,13.7613,332.41,13.5599,85,4.169,22691,False,,60
rul_mfix,FD003,mf_linear_attn,5,8,14.5046,422.23,12.5322,79,4.328,22691,False,,60
rul_mfix,FD003,mf_linear_attn,5,9,13.4843,410.98,10.7434,99,4.092,22691,False,,60
rul_mfix,FD003,mf_mamba2,5,0,14.9244,984.69,11.8298,97,5.503,22757,False,,60
rul_mfix,FD003,mf_mamba2,5,1,14.2661,319.56,11.3339,125,5.938,22757,False,,60
rul_mfix,FD003,mf_mamba2,5,2,13.6402,405.38,12.2462,84,5.971,22757,False,,60
rul_mfix,FD003,mf_mamba2,5,3,13.875,419.85,10.1417,97,5.037,22757,False,,60
rul_mfix,FD003,mf_mamba2,5,4,14.3006,511.79,11.2241,107,5.611,22757,False,,60
rul_mfix,FD003,mf_mamba2,5,5,13.5895,396.42,11.5031,85,5.144,22757,False,,60
rul_mfix,FD003,mf_mamba2,5,6,14.9636,726.06,14.0053,64,5.297,22757,False,,60
rul_mfix,FD003,mf_mamba2,5,7,13.1473,317.07,13.2936,71,5.965,22757,False,,60
rul_mfix,FD003,mf_mamba2,5,8,14.2615,566.42,13.0509,62,5.998,22757,False,,60
rul_mfix,FD003,mf_mamba2,5,9,13.3178,397.92,10.6922,123,5.018,22757,False,,60
rul_mfix,FD003,mf_memora,5,0,15.2366,603.28,12.8976,57,7.162,22759,False,,60
rul_mfix,FD003,mf_memora,5,1,12.6145,311.76,10.9086,92,7.258,22759,False,,60
rul_mfix,FD003,mf_memora,5,2,12.3109,306.92,11.3586,96,7.991,22759,False,,60
rul_mfix,FD003,mf_memora,5,3,12.2176,252.87,9.6469,94,6.819,22759,False,,60
rul_mfix,FD003,mf_memora,5,4,12.0871,309.08,10.705,123,7.058,22759,False,,60
rul_mfix,FD003,mf_memora,5,5,12.7639,338.8,10.3833,132,6.7,22759,False,,60
rul_mfix,FD003,mf_memora,5,6,12.6247,304.02,11.5467,118,7.466,22759,False,,60
rul_mfix,FD003,mf_memora,5,7,12.5257,316.19,13.4844,76,7.892,22759,False,,60
rul_mfix,FD003,mf_memora,5,8,13.2499,397.27,11.7869,127,7.791,22759,False,,60
rul_mfix,FD003,mf_memora,5,9,14.2225,727.43,12.4313,52,6.525,22759,False,,60
rul_mfix,FD003,mf_moneta,5,0,13.6962,396.55,12.6759,198,7.195,22757,False,,60
rul_mfix,FD003,mf_moneta,5,1,12.7876,317.94,11.0329,135,7.375,22757,False,,60
rul_mfix,FD003,mf_moneta,5,2,13.0761,381.54,12.0655,121,8.187,22757,False,,60
rul_mfix,FD003,mf_moneta,5,3,12.998,373.29,9.806,133,7.606,22757,False,,60
rul_mfix,FD003,mf_moneta,5,4,12.8077,306.39,10.8604,198,8.146,22757,False,,60
rul_mfix,FD003,mf_moneta,5,5,14.4365,592.53,10.9722,200,6.779,22757,False,,60
rul_mfix,FD003,mf_moneta,5,6,15.538,1361.01,12.2237,198,7.69,22757,False,,60
rul_mfix,FD003,mf_moneta,5,7,21.3875,2373.52,22.6466,30,8.187,22757,False,,60
rul_mfix,FD003,mf_moneta,5,8,13.269,906.42,11.7877,134,7.674,22757,False,,60
rul_mfix,FD003,mf_moneta,5,9,13.4205,450.36,10.2938,141,7.965,22757,False,,60
rul_mfix,FD003,mf_titans+bilstm,5,0,15.8141,759.35,13.1303,97,9.703,64839,False,,60
rul_mfix,FD003,mf_titans+bilstm,5,1,13.7803,477.59,11.1783,67,10.114,64839,False,,60
rul_mfix,FD003,mf_titans+bilstm,5,2,14.7451,727.46,12.8867,94,10.316,64839,False,,60
rul_mfix,FD003,mf_titans+bilstm,5,3,13.6297,380.16,8.9139,139,9.786,64839,False,,60
rul_mfix,FD003,mf_titans+bilstm,5,4,14.1536,675.99,11.4945,121,10.16,64839,False,,60
rul_mfix,FD003,mf_titans+bilstm,5,5,15.4059,1382.04,11.4717,61,9.651,64839,False,,60
rul_mfix,FD003,mf_titans+bilstm,5,6,16.1155,1053.6,14.4866,64,9.455,64839,False,,60
rul_mfix,FD003,mf_titans+bilstm,5,7,14.1649,531.48,13.2137,100,9.746,64839,False,,60
rul_mfix,FD003,mf_titans+bilstm,5,8,14.6883,1032.3,12.5999,58,10.635,64839,False,,60
rul_mfix,FD003,mf_titans+bilstm,5,9,13.6251,416.11,11.2247,78,9.822,64839,False,,60
rul_mfix,FD003,mf_titans_B3trip,5,0,16.3191,1320.22,12.9649,66,10.007,23210,False,,60
rul_mfix,FD003,mf_titans_B3trip,5,1,15.9949,973.26,12.6047,106,10.178,23210,False,,60
rul_mfix,FD003,mf_titans_B3trip,5,2,14.228,606.04,12.8226,130,11.054,23210,False,,60
rul_mfix,FD003,mf_titans_B3trip,5,3,15.2026,966.43,11.5115,93,9.325,23210,False,,60
rul_mfix,FD003,mf_titans_B3trip,5,4,14.4847,1252.37,13.1081,97,10.01,23210,False,,60
rul_mfix,FD003,mf_titans_B3trip,5,5,15.8054,930.8,12.6806,91,9.733,23210,False,,60
rul_mfix,FD003,mf_titans_B3trip,5,6,15.3123,777.18,14.5643,62,9.958,23210,False,,60
rul_mfix,FD003,mf_titans_B3trip,5,7,14.1721,292.07,14.6906,135,10.792,23210,False,,60
rul_mfix,FD003,mf_titans_B3trip,5,8,14.1111,416.96,13.1212,152,10.552,23210,False,,60
rul_mfix,FD003,mf_titans_B3trip,5,9,16.0285,1180.77,13.5986,80,9.635,23210,False,,60
rul_mfix,FD003,mf_titans_R4,5,0,13.1867,355.8,12.4617,118,10.165,23335,False,,60
rul_mfix,FD003,mf_titans_R4,5,1,13.632,1046.01,11.3877,145,9.64,23335,False,,60
rul_mfix,FD003,mf_titans_R4,5,2,13.6522,424.57,11.6856,117,10.431,23335,False,,60
rul_mfix,FD003,mf_titans_R4,5,3,13.1581,337.82,9.3888,168,9.706,23335,False,,60
rul_mfix,FD003,mf_titans_R4,5,4,13.1543,381.39,10.7274,183,10.206,23335,False,,60
rul_mfix,FD003,mf_titans_R4,5,5,13.1976,427.3,10.4027,168,10.093,23335,False,,60
rul_mfix,FD003,mf_titans_R4,5,6,13.1442,343.34,12.2686,160,10.048,23335,False,,60
rul_mfix,FD003,mf_titans_R4,5,7,16.633,932.5,17.5965,60,9.913,23335,False,,60
rul_mfix,FD003,mf_titans_R4,5,8,13.6139,1017.69,11.9816,171,9.715,23335,False,,60
rul_mfix,FD003,mf_titans_R4,5,9,13.9592,465.87,10.6504,185,9.205,23335,False,,60
rul_mfix,FD003,mf_titans_S,5,0,12.5796,322.39,9.0947,112,10.322,45645,False,,60
rul_mfix,FD003,mf_titans_S,5,1,12.3228,338.17,11.1065,93,10.213,45645,False,,60
rul_mfix,FD003,mf_titans_S,5,2,12.2049,263.92,11.0472,105,11.167,45645,False,,60
rul_mfix,FD003,mf_titans_S,5,3,11.6888,260.51,9.5284,97,10.439,45645,False,,60
rul_mfix,FD003,mf_titans_S,5,4,11.9332,294.5,10.2947,142,11.191,45645,False,,60
rul_mfix,FD003,mf_titans_S,5,5,13.1113,376.79,10.5985,120,10.363,45645,False,,60
rul_mfix,FD003,mf_titans_S,5,6,11.449,240.69,10.2959,117,10.876,45645,False,,60
rul_mfix,FD003,mf_titans_S,5,7,13.2831,317.42,14.3774,45,10.337,45645,False,,60
rul_mfix,FD003,mf_titans_S,5,8,11.6217,242.97,10.0774,91,10.928,45645,False,,60
rul_mfix,FD003,mf_titans_S,5,9,11.7336,281.64,9.2207,188,10.638,45645,False,,60
rul_mfix,FD003,mf_titans,5,0,12.83,331.76,13.2489,122,9.596,22823,False,,60
rul_mfix,FD003,mf_titans,5,1,15.3484,668.04,12.5448,142,10.286,22823,False,,60
rul_mfix,FD003,mf_titans,5,2,13.6237,385.98,11.5311,126,10.843,22823,False,,60
rul_mfix,FD003,mf_titans,5,3,14.14,469.09,10.7008,113,9.339,22823,False,,60
rul_mfix,FD003,mf_titans,5,4,12.9315,325.42,11.0614,172,10.157,22823,False,,60
rul_mfix,FD003,mf_titans,5,5,13.9748,502.17,10.4958,200,9.987,22823,False,,60
rul_mfix,FD003,mf_titans,5,6,13.4479,414.19,11.588,163,9.936,22823,False,,60
rul_mfix,FD003,mf_titans,5,7,12.4717,287.49,13.5585,118,10.188,22823,False,,60
rul_mfix,FD003,mf_titans,5,8,12.6756,299.96,11.9962,129,10.428,22823,False,,60
rul_mfix,FD003,mf_titans,5,9,13.1723,397.19,11.0981,200,9.287,22823,False,,60
rul_mfix,FD003,mf_yaad,5,0,15.3247,568.74,12.6947,167,6.903,22823,False,,60
rul_mfix,FD003,mf_yaad,5,1,21.2522,2241.85,20.1732,31,6.315,22823,False,,60
rul_mfix,FD003,mf_yaad,5,2,19.724,1952.17,18.3872,62,6.596,22823,False,,60
rul_mfix,FD003,mf_yaad,5,3,12.4234,305.48,9.7981,200,6.121,22823,False,,60
rul_mfix,FD003,mf_yaad,5,4,19.1786,1600.1,17.9464,74,6.959,22823,False,,60
rul_mfix,FD003,mf_yaad,5,5,13.6109,427.26,10.8444,200,6.821,22823,False,,60
rul_mfix,FD003,mf_yaad,5,6,12.2356,271.25,12.3118,200,6.974,22823,False,,60
rul_mfix,FD003,mf_yaad,5,7,19.9376,1942.14,22.0363,71,6.54,22823,False,,60
rul_mfix,FD003,mf_yaad,5,8,14.2481,489.14,12.3193,90,7.097,22823,False,,60
rul_mfix,FD003,mf_yaad,5,9,13.8209,491.54,10.1874,200,6.723,22823,False,,60
rul_mfix,FD003,sta_nophys,,0,12.4455,282.13,11.2543,86,0.844,33243,False,,60
rul_mfix,FD003,sta_nophys,,1,9.2815,139.56,7.5297,79,1.001,33243,False,,60
rul_mfix,FD003,sta_nophys,,2,9.2689,155.5,9.0152,113,0.586,33243,False,,60
rul_mfix,FD003,sta_nophys,,3,9.603,167.31,7.0937,139,0.885,33243,False,,60
rul_mfix,FD003,sta_nophys,,4,11.2463,240.2,7.9876,118,0.907,33243,False,,60
rul_mfix,FD003,sta_nophys,,5,10.5628,219.02,7.2831,78,0.92,33243,False,,60
rul_mfix,FD003,sta_nophys,,6,9.4171,156.83,7.3025,109,0.57,33243,False,,60
rul_mfix,FD003,sta_nophys,,7,10.5349,186.89,9.9851,72,0.975,33243,False,,60
rul_mfix,FD003,sta_nophys,,8,9.7853,178.78,8.4096,126,0.923,33243,False,,60
rul_mfix,FD003,sta_nophys,,9,10.5754,232.45,7.4489,104,0.869,33243,False,,60
rul_mfix,FD004,mf_dcnn,5,0,13.2169,973.87,13.5284,47,1.366,105372,True,,60
rul_mfix,FD004,mf_dcnn,5,1,12.735,805.63,11.8969,50,1.226,105372,True,,60
rul_mfix,FD004,mf_dcnn,5,2,13.2632,840.63,12.3656,54,1.784,105372,True,,60
rul_mfix,FD004,mf_dcnn,5,3,12.7892,817.41,15.6652,56,2.496,105372,True,,60
rul_mfix,FD004,mf_dcnn,5,4,12.8883,777.96,13.1727,46,2.396,105372,True,,60
rul_mfix,FD004,mf_dcnn,5,5,13.2255,907.19,13.8518,63,2.196,105372,True,,60
rul_mfix,FD004,mf_dcnn,5,6,13.3505,853.94,14.8778,54,2.259,105372,True,,60
rul_mfix,FD004,mf_dcnn,5,7,13.1578,851.13,10.9436,49,1.924,105372,True,,60
rul_mfix,FD004,mf_dcnn,5,8,13.4513,922.91,14.3774,51,2.153,105372,True,,60
rul_mfix,FD004,mf_dcnn,5,9,12.6219,763.29,11.1367,48,1.832,105372,True,,60
rul_mfix,FD004,mf_deltanet,1,0,14.5076,1234.53,14.9218,39,47.5,22691,True,,60
rul_mfix,FD004,mf_deltanet,1,1,14.8651,1895.78,13.3815,40,49.588,22691,True,,60
rul_mfix,FD004,mf_deltanet,1,2,15.3412,1172.57,14.219,38,49.572,22691,True,,60
rul_mfix,FD004,mf_deltanet,1,3,14.5417,1269.69,16.9462,38,50.864,22691,True,,60
rul_mfix,FD004,mf_deltanet,1,4,13.8489,1060.55,13.6531,36,47.773,22691,True,,60
rul_mfix,FD004,mf_deltanet,20,0,15.4333,1318.35,14.3699,62,4.502,22691,True,,60
rul_mfix,FD004,mf_deltanet,20,1,13.7647,996.27,12.7053,51,4.807,22691,True,,60
rul_mfix,FD004,mf_deltanet,20,2,15.6785,1695.2,13.1486,59,4.525,22691,True,,60
rul_mfix,FD004,mf_deltanet,20,3,14.5427,1656.84,16.636,51,4.417,22691,True,,60
rul_mfix,FD004,mf_deltanet,20,4,15.1042,1631.8,14.1027,56,4.55,22691,True,,60
rul_mfix,FD004,mf_deltanet,5,0,14.4561,1143.61,14.7002,39,11.63,22691,True,,60
rul_mfix,FD004,mf_deltanet,5,1,15.531,1817.77,13.1785,46,12.049,22691,True,,60
rul_mfix,FD004,mf_deltanet,5,2,14.344,1328.22,14.2709,44,12.625,22691,True,,60
rul_mfix,FD004,mf_deltanet,5,3,14.2561,1049.61,17.0033,48,12.406,22691,True,,60
rul_mfix,FD004,mf_deltanet,5,4,14.0912,1129.63,13.57,41,11.259,22691,True,,60
rul_mfix,FD004,mf_deltanet,5,5,14.7046,1382.89,15.1419,38,11.583,22691,True,,60
rul_mfix,FD004,mf_deltanet,5,6,14.8953,1249.01,15.7273,35,11.258,22691,True,,60
rul_mfix,FD004,mf_deltanet,5,7,15.1108,1052.28,12.1387,38,11.273,22691,True,,60
rul_mfix,FD004,mf_deltanet,5,8,14.1745,1245.33,15.3242,37,11.464,22691,True,,60
rul_mfix,FD004,mf_deltanet,5,9,16.2493,1511.3,14.5189,38,10.423,22691,True,,60
rul_mfix,FD004,mf_gated_deltanet,1,0,14.5805,1201.22,14.796,38,62.021,22757,True,,60
rul_mfix,FD004,mf_gated_deltanet,1,1,15.1709,1339.09,13.7347,39,63.352,22757,True,,60
rul_mfix,FD004,mf_gated_deltanet,1,2,14.3399,1103.67,13.6785,36,60.835,22757,True,,60
rul_mfix,FD004,mf_gated_deltanet,1,3,14.4982,1177.81,16.8513,33,59.955,22757,True,,60
rul_mfix,FD004,mf_gated_deltanet,1,4,14.7883,1293.72,13.8113,45,61.908,22757,True,,60
rul_mfix,FD004,mf_gated_deltanet,20,0,14.51,1299.26,14.0269,65,5.567,22757,True,,60
rul_mfix,FD004,mf_gated_deltanet,20,1,13.7733,1159.33,13.4146,51,4.748,22757,True,,60
rul_mfix,FD004,mf_gated_deltanet,20,2,14.1122,1021.29,12.8456,41,5.622,22757,True,,60
rul_mfix,FD004,mf_gated_deltanet,20,3,13.8039,1171.74,16.129,38,5.625,22757,True,,60
rul_mfix,FD004,mf_gated_deltanet,20,4,13.9183,954.26,13.1989,64,5.668,22757,True,,60
rul_mfix,FD004,mf_gated_deltanet,5,0,15.3236,1099.51,13.9487,53,14.852,22757,True,,60
rul_mfix,FD004,mf_gated_deltanet,5,1,15.6166,1256.72,13.6154,48,15.54,22757,True,,60
rul_mfix,FD004,mf_gated_deltanet,5,2,14.6476,1321.33,13.7551,44,14.196,22757,True,,60
rul_mfix,FD004,mf_gated_deltanet,5,3,14.6135,1177.69,16.7469,37,15.972,22757,True,,60
rul_mfix,FD004,mf_gated_deltanet,5,4,14.1955,1282.64,13.9072,50,14.949,22757,True,,60
rul_mfix,FD004,mf_gated_deltanet,5,5,13.3456,977.03,14.2662,40,13.896,22757,True,,60
rul_mfix,FD004,mf_gated_deltanet,5,6,15.387,1398.54,15.9649,52,14.808,22757,True,,60
rul_mfix,FD004,mf_gated_deltanet,5,7,14.502,1222.57,12.4827,38,15.436,22757,True,,60
rul_mfix,FD004,mf_gated_deltanet,5,8,14.5391,1481.18,15.5702,39,15.084,22757,True,,60
rul_mfix,FD004,mf_gated_deltanet,5,9,15.5318,1354.25,14.1116,68,15.346,22757,True,,60
rul_mfix,FD004,mf_linear_attn,1,0,16.5933,1509.21,15.1039,46,42.604,22691,True,,60
rul_mfix,FD004,mf_linear_attn,1,1,14.3431,1513.23,12.9043,51,43.176,22691,True,,60
rul_mfix,FD004,mf_linear_attn,1,2,15.2671,1165.94,14.7379,42,43.333,22691,True,,60
rul_mfix,FD004,mf_linear_attn,1,3,15.425,1392.03,17.4927,37,43.227,22691,True,,60
rul_mfix,FD004,mf_linear_attn,1,4,14.5382,1324.83,13.9697,36,43.782,22691,True,,60
rul_mfix,FD004,mf_linear_attn,20,0,16.6749,1537.46,15.1271,46,4.32,22691,True,,60
rul_mfix,FD004,mf_linear_attn,20,1,14.3518,1517.06,12.9299,51,4.615,22691,True,,60
rul_mfix,FD004,mf_linear_attn,20,2,15.268,1173.87,14.7266,42,4.735,22691,True,,60
rul_mfix,FD004,mf_linear_attn,20,3,15.4658,1404.76,17.5125,37,4.688,22691,True,,60
rul_mfix,FD004,mf_linear_attn,20,4,14.5288,1309.46,13.9656,36,4.363,22691,True,,60
rul_mfix,FD004,mf_linear_attn,5,0,16.6987,1573.56,15.119,46,10.633,22691,True,,60
rul_mfix,FD004,mf_linear_attn,5,1,14.3146,1500.43,12.9465,51,11.317,22691,True,,60
rul_mfix,FD004,mf_linear_attn,5,2,15.2508,1174.02,14.7214,42,11.174,22691,True,,60
rul_mfix,FD004,mf_linear_attn,5,3,15.4448,1391.31,17.5379,37,11.772,22691,True,,60
rul_mfix,FD004,mf_linear_attn,5,4,14.5297,1319.39,13.9495,36,11.003,22691,True,,60
rul_mfix,FD004,mf_linear_attn,5,5,15.7247,1350.03,14.9586,46,9.937,22691,True,,60
rul_mfix,FD004,mf_linear_attn,5,6,14.8603,1143.74,16.4256,37,10.242,22691,True,,60
rul_mfix,FD004,mf_linear_attn,5,7,15.9677,1447.41,12.8692,43,10.242,22691,True,,60
rul_mfix,FD004,mf_linear_attn,5,8,14.77,1354.64,15.6439,40,10.327,22691,True,,60
rul_mfix,FD004,mf_linear_attn,5,9,16.7286,1271.58,13.5366,65,10.518,22691,True,,60
rul_mfix,FD004,mf_mamba2,5,0,16.8895,1914.96,14.7752,58,13.243,22757,True,,60
rul_mfix,FD004,mf_mamba2,5,1,15.6646,1392.01,14.4489,45,13.774,22757,True,,60
rul_mfix,FD004,mf_mamba2,5,2,14.5967,1187.37,12.8253,43,13.388,22757,True,,60
rul_mfix,FD004,mf_mamba2,5,3,14.9338,1348.92,16.5187,43,14.326,22757,True,,60
rul_mfix,FD004,mf_mamba2,5,4,14.755,1571.16,14.1912,43,13.891,22757,True,,60
rul_mfix,FD004,mf_mamba2,5,5,14.9065,1286.98,14.1673,46,12.991,22757,True,,60
rul_mfix,FD004,mf_mamba2,5,6,17.0364,1730.41,16.5444,52,13.708,22757,True,,60
rul_mfix,FD004,mf_mamba2,5,7,15.3221,1907.28,12.2974,41,13.78,22757,True,,60
rul_mfix,FD004,mf_mamba2,5,8,15.5436,1533.83,16.0613,49,13.822,22757,True,,60
rul_mfix,FD004,mf_mamba2,5,9,16.8654,1481.28,14.9454,39,14.596,22757,True,,60
rul_mfix,FD004,mf_memora,5,0,13.8621,1071.27,13.4989,39,16.202,22759,True,,60
rul_mfix,FD004,mf_memora,5,1,13.8001,1009.48,12.7079,39,17.839,22759,True,,60
rul_mfix,FD004,mf_memora,5,2,14.0315,1328.04,12.6523,59,18.109,22759,True,,60
rul_mfix,FD004,mf_memora,5,3,14.3168,1142.54,16.4405,36,19.952,22759,True,,60
rul_mfix,FD004,mf_memora,5,4,13.833,1198.31,13.1161,53,18.309,22759,True,,60
rul_mfix,FD004,mf_memora,5,5,13.1653,890.61,14.332,52,17.498,22759,True,,60
rul_mfix,FD004,mf_memora,5,6,13.2762,956.44,15.2829,49,18.507,22759,True,,60
rul_mfix,FD004,mf_memora,5,7,14.9071,1390.36,11.2786,53,17.806,22759,True,,60
rul_mfix,FD004,mf_memora,5,8,13.6351,1062.05,15.0318,57,18.347,22759,True,,60
rul_mfix,FD004,mf_memora,5,9,13.98,1084.17,12.0477,48,18.977,22759,True,,60
rul_mfix,FD004,mf_moneta,5,0,16.6493,1530.87,15.4993,65,18.39,22757,True,,60
rul_mfix,FD004,mf_moneta,5,1,15.4249,1227.5,13.7016,59,18.415,22757,True,,60
rul_mfix,FD004,mf_moneta,5,2,15.0688,1509.48,14.1185,51,18.925,22757,True,,60
rul_mfix,FD004,mf_moneta,5,3,16.3518,1692.22,17.0124,46,18.379,22757,True,,60
rul_mfix,FD004,mf_moneta,5,4,14.5445,1217.55,13.6506,82,19.38,22757,True,,60
rul_mfix,FD004,mf_moneta,5,5,15.0843,1163.36,14.814,73,18.955,22757,True,,60
rul_mfix,FD004,mf_moneta,5,6,14.8356,1118.81,16.4025,48,19.898,22757,True,,60
rul_mfix,FD004,mf_moneta,5,7,14.9837,1699.0,13.2717,48,18.223,22757,True,,60
rul_mfix,FD004,mf_moneta,5,8,15.4668,1389.14,16.3376,59,17.692,22757,True,,60
rul_mfix,FD004,mf_moneta,5,9,14.6735,1121.54,13.2957,45,18.227,22757,True,,60
rul_mfix,FD004,mf_titans+bilstm,5,0,16.505,2114.68,15.6001,32,24.967,64839,True,,60
rul_mfix,FD004,mf_titans+bilstm,5,1,16.7161,1826.57,13.0663,43,24.171,64839,True,,60
rul_mfix,FD004,mf_titans+bilstm,5,2,16.8262,2279.35,14.9027,31,23.466,64839,True,,60
rul_mfix,FD004,mf_titans+bilstm,5,3,15.0475,1168.76,18.0619,37,23.98,64839,True,,60
rul_mfix,FD004,mf_titans+bilstm,5,4,16.0585,2060.66,15.2853,30,24.612,64839,True,,60
rul_mfix,FD004,mf_titans+bilstm,5,5,17.7268,1761.27,16.9443,42,25.276,64839,True,,60
rul_mfix,FD004,mf_titans+bilstm,5,6,16.058,1660.47,17.4208,33,25.065,64839,True,,60
rul_mfix,FD004,mf_titans+bilstm,5,7,15.6911,1258.46,12.5781,43,23.861,64839,True,,60
rul_mfix,FD004,mf_titans+bilstm,5,8,14.8588,1252.76,16.6486,30,24.411,64839,True,,60
rul_mfix,FD004,mf_titans+bilstm,5,9,16.5197,1983.59,14.1788,42,24.881,64839,True,,60
rul_mfix,FD004,mf_titans_B3trip,5,0,15.7967,1355.0,15.2774,60,23.846,23210,True,,60
rul_mfix,FD004,mf_titans_B3trip,5,1,16.5128,1318.49,14.5658,54,24.648,23210,True,,60
rul_mfix,FD004,mf_titans_B3trip,5,2,15.7332,1348.12,14.678,49,24.865,23210,True,,60
rul_mfix,FD004,mf_titans_B3trip,5,3,15.874,1287.19,17.3214,82,24.948,23210,True,,60
rul_mfix,FD004,mf_titans_B3trip,5,4,16.2749,1577.32,14.1617,54,25.016,23210,True,,60
rul_mfix,FD004,mf_titans_B3trip,5,5,17.7231,2190.87,15.9477,55,23.719,23210,True,,60
rul_mfix,FD004,mf_titans_B3trip,5,6,15.9601,1380.82,16.2067,55,24.065,23210,True,,60
rul_mfix,FD004,mf_titans_B3trip,5,7,14.7542,1207.33,13.2061,103,22.859,23210,True,,60
rul_mfix,FD004,mf_titans_B3trip,5,8,16.1114,1604.28,16.86,97,22.806,23210,True,,60
rul_mfix,FD004,mf_titans_B3trip,5,9,16.1177,1241.15,13.8726,102,23.776,23210,True,,60
rul_mfix,FD004,mf_titans_R4,5,0,14.3,1277.49,14.1349,46,24.286,23335,True,,60
rul_mfix,FD004,mf_titans_R4,5,1,15.3344,1423.37,13.334,49,25.468,23335,True,,60
rul_mfix,FD004,mf_titans_R4,5,2,13.7217,991.26,13.2134,69,25.868,23335,True,,60
rul_mfix,FD004,mf_titans_R4,5,3,13.9682,1251.99,17.052,56,24.466,23335,True,,60
rul_mfix,FD004,mf_titans_R4,5,4,14.6491,1118.35,13.8958,103,23.219,23335,True,,60
rul_mfix,FD004,mf_titans_R4,5,5,14.5034,1088.9,14.3505,66,24.082,23335,True,,60
rul_mfix,FD004,mf_titans_R4,5,6,13.7017,920.71,15.9415,52,24.187,23335,True,,60
rul_mfix,FD004,mf_titans_R4,5,7,15.1681,1416.52,11.9472,59,25.021,23335,True,,60
rul_mfix,FD004,mf_titans_R4,5,8,13.8337,1001.12,16.023,42,25.163,23335,True,,60
rul_mfix,FD004,mf_titans_R4,5,9,14.8292,1129.45,12.2151,61,24.603,23335,True,,60
rul_mfix,FD004,mf_titans_S,5,0,18.4717,2010.05,13.7167,44,25.005,45645,True,,60
rul_mfix,FD004,mf_titans_S,5,1,18.0884,1955.92,13.6076,37,26.6,45645,True,,60
rul_mfix,FD004,mf_titans_S,5,2,17.5675,1757.9,12.6571,59,26.468,45645,True,,60
rul_mfix,FD004,mf_titans_S,5,3,18.4886,2093.68,16.1925,48,27.15,45645,True,,60
rul_mfix,FD004,mf_titans_S,5,4,18.1245,1983.15,13.2378,38,26.519,45645,True,,60
rul_mfix,FD004,mf_titans_S,5,5,17.2368,1534.3,14.3522,58,25.551,45645,True,,60
rul_mfix,FD004,mf_titans_S,5,6,16.0185,1473.66,15.1247,52,26.77,45645,True,,60
rul_mfix,FD004,mf_titans_S,5,7,18.584,2088.42,11.0318,59,25.236,45645,True,,60
rul_mfix,FD004,mf_titans_S,5,8,16.1777,1502.57,14.363,54,25.395,45645,True,,60
rul_mfix,FD004,mf_titans_S,5,9,17.5396,1738.53,12.8603,48,25.926,45645,True,,60
rul_mfix,FD004,mf_titans,1,0,13.8791,1000.18,14.4623,35,98.735,22823,True,,60
rul_mfix,FD004,mf_titans,1,1,15.4039,1336.58,13.6742,37,109.785,22823,True,,60
rul_mfix,FD004,mf_titans,1,2,14.3211,1301.63,13.6788,36,106.676,22823,True,,60
rul_mfix,FD004,mf_titans,1,3,14.2745,1241.14,17.3179,49,112.106,22823,True,,60
rul_mfix,FD004,mf_titans,1,4,14.1901,1136.26,13.434,49,104.1,22823,True,,60
rul_mfix,FD004,mf_titans,20,0,15.0661,1533.46,13.9896,62,7.881,22823,True,,60
rul_mfix,FD004,mf_titans,20,1,14.4774,1134.27,13.0644,45,8.224,22823,True,,60
rul_mfix,FD004,mf_titans,20,2,14.0085,1278.02,13.1857,55,7.556,22823,True,,60
rul_mfix,FD004,mf_titans,20,3,13.8276,1056.38,15.8812,51,8.083,22823,True,,60
rul_mfix,FD004,mf_titans,20,4,15.1269,1538.43,13.7226,66,7.986,22823,True,,60
rul_mfix,FD004,mf_titans,5,0,14.217,1051.07,14.7639,38,24.292,22823,True,,60
rul_mfix,FD004,mf_titans,5,1,15.508,1535.85,13.6552,37,25.205,22823,True,,60
rul_mfix,FD004,mf_titans,5,2,14.4077,1337.88,13.7423,38,24.684,22823,True,,60
rul_mfix,FD004,mf_titans,5,3,14.3937,1175.07,17.0166,51,25.365,22823,True,,60
rul_mfix,FD004,mf_titans,5,4,14.4284,1064.9,13.4713,46,25.09,22823,True,,60
rul_mfix,FD004,mf_titans,5,5,14.5501,1126.72,14.6972,43,24.574,22823,True,,60
rul_mfix,FD004,mf_titans,5,6,14.2483,1040.54,15.8748,48,23.256,22823,True,,60
rul_mfix,FD004,mf_titans,5,7,14.289,1397.21,11.9328,60,23.371,22823,True,,60
rul_mfix,FD004,mf_titans,5,8,14.5986,1172.02,15.8301,46,24.141,22823,True,,60
rul_mfix,FD004,mf_titans,5,9,16.2721,1452.84,13.4897,48,26.316,22823,True,,60
rul_mfix,FD004,mf_yaad,5,0,15.3941,1551.5,14.2146,93,16.257,22823,True,,60
rul_mfix,FD004,mf_yaad,5,1,15.4768,1560.55,12.9439,51,17.85,22823,True,,60
rul_mfix,FD004,mf_yaad,5,2,14.1561,1429.06,13.7163,80,16.88,22823,True,,60
rul_mfix,FD004,mf_yaad,5,3,14.8693,1033.0,18.1687,96,16.018,22823,True,,60
rul_mfix,FD004,mf_yaad,5,4,14.7243,1150.91,13.6748,79,16.596,22823,True,,60
rul_mfix,FD004,mf_yaad,5,5,14.3234,1107.84,14.6397,57,15.836,22823,True,,60
rul_mfix,FD004,mf_yaad,5,6,19.0609,3109.32,20.7001,60,17.421,22823,True,,60
rul_mfix,FD004,mf_yaad,5,7,14.8244,1268.13,12.3268,117,17.017,22823,True,,60
rul_mfix,FD004,mf_yaad,5,8,17.3991,2216.63,19.2416,46,17.251,22823,True,,60
rul_mfix,FD004,mf_yaad,5,9,14.9461,1112.47,13.1703,74,16.582,22823,True,,60
rul_mfix,FD004,sta_nophys,,0,16.1817,1454.78,12.9343,54,2.361,33243,True,,60
rul_mfix,FD004,sta_nophys,,1,15.3372,1171.97,11.2055,44,2.662,33243,True,,60
rul_mfix,FD004,sta_nophys,,2,18.5189,3111.06,12.1223,54,2.507,33243,True,,60
rul_mfix,FD004,sta_nophys,,3,14.4324,1021.84,15.8575,54,2.539,33243,True,,60
rul_mfix,FD004,sta_nophys,,4,14.9178,1148.38,12.5064,70,2.11,33243,True,,60
rul_mfix,FD004,sta_nophys,,5,16.0609,1754.6,12.681,52,2.573,33243,True,,60
rul_mfix,FD004,sta_nophys,,6,18.298,3655.67,14.0352,57,2.567,33243,True,,60
rul_mfix,FD004,sta_nophys,,7,15.4898,1305.49,11.2608,48,2.447,33243,True,,60
rul_mfix,FD004,sta_nophys,,8,15.2584,1099.31,13.761,54,2.218,33243,True,,60
rul_mfix,FD004,sta_nophys,,9,14.3255,986.89,10.9884,49,2.319,33243,True,,60
rul_miras,FD001,deltanet,,0,17.477,590.22,15.6419,40,4.967,9236,False,False,45
rul_miras,FD001,deltanet,,1,13.8189,314.17,10.9306,63,4.831,9236,False,False,45
rul_miras,FD001,deltanet,,2,16.2659,531.64,16.3841,55,4.691,9236,False,False,45
rul_miras,FD001,elastic,,0,14.3777,379.12,13.9071,88,4.893,9290,False,False,45
rul_miras,FD001,elastic,,1,14.1673,336.83,10.4584,85,4.841,9290,False,False,45
rul_miras,FD001,gated_deltanet+bilstm,,0,15.0459,531.37,12.13,49,5.095,47223,False,False,45
rul_miras,FD001,gated_deltanet+bilstm,,1,14.871,442.14,10.9973,39,5.102,47223,False,False,45
rul_miras,FD001,gated_deltanet+bilstm,,2,15.4788,457.88,14.1492,22,5.272,47223,False,False,45
rul_miras,FD001,gated_deltanet,,0,15.2895,508.05,13.5488,60,5.776,9287,False,False,45
rul_miras,FD001,gated_deltanet,,1,13.6864,318.0,10.6512,79,5.785,9287,False,False,45
rul_miras,FD001,gated_deltanet,,2,15.0795,411.53,12.7197,97,6.464,9287,False,False,45
rul_miras,FD001,linear_attn,,0,16.8217,538.59,14.8872,46,4.401,9236,False,False,45
rul_miras,FD001,linear_attn,,1,13.5263,320.6,10.4946,62,4.932,9236,False,False,45
rul_miras,FD001,linear_attn,,2,17.1002,781.39,13.9177,75,4.547,9236,False,False,45
rul_miras,FD001,mamba2+bilstm,,0,16.3788,545.19,15.405,23,4.894,47223,False,False,45
rul_miras,FD001,mamba2+bilstm,,1,14.9018,528.3,11.2495,29,4.578,47223,False,False,45
rul_miras,FD001,mamba2+bilstm,,2,16.5533,692.1,13.1253,41,4.502,47223,False,False,45
rul_miras,FD001,mamba2,,0,16.3469,461.0,13.4324,56,5.798,9287,False,False,45
rul_miras,FD001,mamba2,,1,14.79,332.78,9.2772,69,5.676,9287,False,False,45
rul_miras,FD001,mamba2,,2,17.4522,933.98,12.9233,64,5.857,9287,False,False,45
rul_miras,FD001,memora,,0,15.4509,461.65,13.1797,68,6.904,9290,False,False,45
rul_miras,FD001,memora,,1,14.6173,338.37,10.7521,85,6.813,9290,False,False,45
rul_miras,FD001,memora,,2,14.683,351.41,12.9313,87,7.06,9290,False,False,45
rul_miras,FD001,moneta,,0,15.0191,493.55,13.3708,89,7.15,9287,False,False,45
rul_miras,FD001,moneta,,1,16.8372,561.27,11.0931,98,7.584,9287,False,False,45
rul_miras,FD001,moneta,,2,14.7359,461.14,14.9189,98,7.462,9287,False,False,45
rul_miras,FD001,retnet,,0,15.7084,423.26,14.6054,42,4.138,9239,False,False,45
rul_miras,FD001,retnet,,1,15.0391,469.6,11.9843,48,4.595,9239,False,False,45
rul_miras,FD001,robust,,0,15.208,454.15,14.1289,80,5.242,9290,False,False,45
rul_miras,FD001,robust,,1,13.9526,318.48,10.6388,87,5.271,9290,False,False,45
rul_miras,FD001,titans+bilstm,,0,15.0776,478.08,12.1181,68,6.034,47274,False,False,45
rul_miras,FD001,titans+bilstm,,1,14.8282,423.32,11.578,38,5.782,47274,False,False,45
rul_miras,FD001,titans+bilstm,,2,14.8487,422.11,13.1872,41,6.011,47274,False,False,45
rul_miras,FD001,titans,,0,14.654,467.16,13.2194,89,7.719,9338,False,False,45
rul_miras,FD001,titans,,1,15.0872,504.58,11.9816,80,8.209,9338,False,False,45
rul_miras,FD001,titans,,2,14.3576,375.26,13.2242,123,7.455,9338,False,False,45
rul_miras,FD001,yaad,,0,13.8029,299.3,13.7581,97,6.249,9338,False,False,45
rul_miras,FD001,yaad,,1,12.9324,264.42,11.2513,103,6.312,9338,False,False,45
rul_miras,FD001,yaad,,2,14.2827,398.91,13.3576,150,6.902,9338,False,False,45
rul_miras,FD002,deltanet,,0,14.3125,860.39,14.7971,61,8.777,6499,True,False,45
rul_miras,FD002,deltanet,,1,13.4637,920.78,13.6433,169,8.398,6499,True,False,45
rul_miras,FD002,deltanet,,2,15.1112,1320.02,17.0037,75,8.117,6499,True,False,45
rul_miras,FD002,elastic,,0,18.8081,2162.11,18.9147,41,9.081,6535,True,False,45
rul_miras,FD002,elastic,,1,16.8749,1881.09,18.0726,41,9.411,6535,True,False,45
rul_miras,FD002,gated_deltanet+bilstm,,0,14.1407,1034.37,13.7766,52,8.932,44469,True,False,45
rul_miras,FD002,gated_deltanet+bilstm,,1,13.7948,1054.6,14.1756,48,8.762,44469,True,False,45
rul_miras,FD002,gated_deltanet+bilstm,,2,13.5895,1185.12,13.6238,104,8.712,44469,True,False,45
rul_miras,FD002,gated_deltanet,,0,18.637,2074.35,19.207,42,9.942,6533,True,False,45
rul_miras,FD002,gated_deltanet,,1,17.1236,2052.06,17.7062,43,9.827,6533,True,False,45
rul_miras,FD002,gated_deltanet,,2,14.7411,1071.16,16.7603,104,10.013,6533,True,False,45
rul_miras,FD002,linear_attn,,0,13.8763,915.24,14.1528,87,8.581,6499,True,False,45
rul_miras,FD002,linear_attn,,1,13.7417,882.65,13.3751,138,8.395,6499,True,False,45
rul_miras,FD002,linear_attn,,2,13.8597,836.33,15.5746,130,7.494,6499,True,False,45
rul_miras,FD002,mamba2+bilstm,,0,14.0865,857.1,13.1111,71,8.658,44469,True,False,45
rul_miras,FD002,mamba2+bilstm,,1,14.9369,1023.01,14.7015,59,8.682,44469,True,False,45
rul_miras,FD002,mamba2+bilstm,,2,14.1281,1271.14,14.7384,85,8.517,44469,True,False,45
rul_miras,FD002,mamba2,,0,14.9417,1153.33,13.9278,69,9.807,6533,True,False,45
rul_miras,FD002,mamba2,,1,13.6575,754.85,14.2567,94,9.446,6533,True,False,45
rul_miras,FD002,mamba2,,2,14.0143,1158.31,14.8749,129,9.268,6533,True,False,45
rul_miras,FD002,memora,,0,14.3961,910.05,14.3713,121,11.769,6535,True,False,45
rul_miras,FD002,memora,,1,13.5215,837.85,13.8193,125,11.308,6535,True,False,45
rul_miras,FD002,memora,,2,13.2951,1048.72,14.3865,128,11.243,6535,True,False,45
rul_miras,FD002,moneta,,0,14.5739,1250.21,14.3334,134,12.221,6533,True,False,45
rul_miras,FD002,moneta,,1,13.5725,902.76,14.1224,110,11.41,6533,True,False,45
rul_miras,FD002,moneta,,2,14.0238,1307.8,14.3413,147,11.794,6533,True,False,45
rul_miras,FD002,retnet,,0,13.9446,931.42,14.2355,87,7.802,6501,True,False,45
rul_miras,FD002,retnet,,1,14.1671,890.26,13.5871,138,8.003,6501,True,False,45
rul_miras,FD002,robust,,0,19.8764,6408.57,18.4199,64,9.341,6535,True,False,45
rul_miras,FD002,robust,,1,17.3471,2398.88,17.6488,45,9.026,6535,True,False,45
rul_miras,FD002,titans+bilstm,,0,12.7556,781.81,13.1266,91,11.247,44503,True,False,45
rul_miras,FD002,titans+bilstm,,1,13.3466,929.71,14.0338,70,10.994,44503,True,False,45
rul_miras,FD002,titans+bilstm,,2,13.0978,1112.0,13.5899,128,10.685,44503,True,False,45
rul_miras,FD002,titans,,0,14.1451,1079.91,15.0628,126,12.186,6567,True,False,45
rul_miras,FD002,titans,,1,13.3329,889.01,13.6702,175,12.057,6567,True,False,45
rul_miras,FD002,titans,,2,16.041,1333.74,18.0176,104,11.703,6567,True,False,45
rul_miras,FD002,yaad,,0,14.0264,748.51,14.0003,137,11.203,6567,True,False,45
rul_miras,FD002,yaad,,1,13.0921,739.94,14.0494,178,10.573,6567,True,False,45
rul_miras,FD002,yaad,,2,13.3076,906.05,14.972,159,11.172,6567,True,False,45
rul_miras,FD003,deltanet,,0,15.2515,601.82,11.158,102,5.741,9236,False,False,45
rul_miras,FD003,deltanet,,1,15.5535,1172.52,9.558,53,6.193,9236,False,False,45
rul_miras,FD003,deltanet,,2,13.53,394.12,9.8578,115,6.179,9236,False,False,45
rul_miras,FD003,elastic,,0,14.9999,610.56,9.6522,102,6.689,9290,False,False,45
rul_miras,FD003,elastic,,1,13.1845,319.34,9.0502,98,6.444,9290,False,False,45
rul_miras,FD003,gated_deltanet+bilstm,,0,15.2056,509.44,11.1725,38,6.651,47223,False,False,45
rul_miras,FD003,gated_deltanet+bilstm,,1,13.1825,352.16,9.1354,43,6.419,47223,False,False,45
rul_miras,FD003,gated_deltanet+bilstm,,2,14.9852,491.33,9.4512,40,6.655,47223,False,False,45
rul_miras,FD003,gated_deltanet,,0,14.8116,514.57,8.3,106,7.295,9287,False,False,45
rul_miras,FD003,gated_deltanet,,1,13.767,423.18,9.3824,93,7.154,9287,False,False,45
rul_miras,FD003,gated_deltanet,,2,13.3075,532.41,9.7274,81,7.411,9287,False,False,45
rul_miras,FD003,linear_attn,,0,16.4064,807.51,11.6391,67,5.349,9236,False,False,45
rul_miras,FD003,linear_attn,,1,15.9783,1086.94,10.0331,83,5.494,9236,False,False,45
rul_miras,FD003,linear_attn,,2,15.9512,705.74,11.1173,62,6.256,9236,False,False,45
rul_miras,FD003,mamba2+bilstm,,0,17.878,1659.53,14.1399,55,6.084,47223,False,False,45
rul_miras,FD003,mamba2+bilstm,,1,18.6875,2272.03,11.5543,43,6.001,47223,False,False,45
rul_miras,FD003,mamba2+bilstm,,2,18.1883,1662.47,11.9358,36,6.337,47223,False,False,45
rul_miras,FD003,mamba2,,0,16.0672,733.36,12.6135,63,7.389,9287,False,False,45
rul_miras,FD003,mamba2,,1,16.6884,943.77,10.085,93,6.85,9287,False,False,45
rul_miras,FD003,mamba2,,2,15.2865,592.44,8.5015,78,7.111,9287,False,False,45
rul_miras,FD003,memora,,0,17.3673,848.18,12.3372,65,9.246,9290,False,False,45
rul_miras,FD003,memora,,1,15.2575,605.38,10.0018,74,8.806,9290,False,False,45
rul_miras,FD003,memora,,2,16.6773,1274.09,9.7503,73,9.323,9290,False,False,45
rul_miras,FD003,moneta,,0,16.9447,1506.06,10.3085,105,8.623,9287,False,False,45
rul_miras,FD003,moneta,,1,15.0933,1311.79,10.5722,82,9.182,9287,False,False,45
rul_miras,FD003,moneta,,2,16.981,1287.28,9.6668,51,9.266,9287,False,False,45
rul_miras,FD003,retnet,,0,16.7079,744.66,14.569,58,6.011,9239,False,False,45
rul_miras,FD003,retnet,,1,16.6714,998.54,10.2892,61,5.552,9239,False,False,45
rul_miras,FD003,robust,,0,13.9161,385.45,9.2218,106,6.616,9290,False,False,45
rul_miras,FD003,robust,,1,14.3826,430.07,9.0888,73,6.141,9290,False,False,45
rul_miras,FD003,titans+bilstm,,0,14.4484,413.71,12.8777,34,7.887,47274,False,False,45
rul_miras,FD003,titans+bilstm,,1,14.8486,533.61,9.5038,36,8.275,47274,False,False,45
rul_miras,FD003,titans+bilstm,,2,15.6526,740.55,9.7288,30,8.283,47274,False,False,45
rul_miras,FD003,titans,,0,15.4313,534.18,9.3622,87,9.148,9338,False,False,45
rul_miras,FD003,titans,,1,14.1828,364.8,9.4779,78,8.851,9338,False,False,45
rul_miras,FD003,titans,,2,14.1348,374.14,9.9971,143,9.521,9338,False,False,45
rul_miras,FD003,yaad,,0,16.3817,949.94,10.8634,116,8.31,9338,False,False,45
rul_miras,FD003,yaad,,1,14.9559,561.0,9.5194,113,8.837,9338,False,False,45
rul_miras,FD003,yaad,,2,16.7805,921.84,11.6311,73,9.343,9338,False,False,45
rul_miras,FD004,deltanet,,0,14.9557,1217.88,13.2376,102,10.543,6499,True,False,45
rul_miras,FD004,deltanet,,1,16.2535,1335.28,15.3671,96,10.28,6499,True,False,45
rul_miras,FD004,deltanet,,2,18.2649,2154.04,14.9217,60,9.975,6499,True,False,45
rul_miras,FD004,elastic,,0,17.9325,1585.47,15.3694,62,11.336,6535,True,False,45
rul_miras,FD004,elastic,,1,16.608,1733.55,14.6419,70,10.706,6535,True,False,45
rul_miras,FD004,gated_deltanet+bilstm,,0,15.4173,1874.73,13.6659,72,11.507,44469,True,False,45
rul_miras,FD004,gated_deltanet+bilstm,,1,15.0182,1218.22,13.7573,67,11.475,44469,True,False,45
rul_miras,FD004,gated_deltanet+bilstm,,2,14.7871,1433.32,11.7703,73,11.112,44469,True,False,45
rul_miras,FD004,gated_deltanet,,0,18.0122,2058.21,16.1677,55,12.772,6533,True,False,45
rul_miras,FD004,gated_deltanet,,1,14.5504,1218.75,13.9179,112,13.165,6533,True,False,45
rul_miras,FD004,gated_deltanet,,2,16.2665,1816.98,13.9394,120,12.781,6533,True,False,45
rul_miras,FD004,linear_attn,,0,14.7086,1393.18,13.3257,143,9.92,6499,True,False,45
rul_miras,FD004,linear_attn,,1,15.5697,1364.38,13.7888,135,10.371,6499,True,False,45
rul_miras,FD004,linear_attn,,2,17.0547,1267.94,15.1618,79,9.819,6499,True,False,45
rul_miras,FD004,mamba2+bilstm,,0,15.2232,1606.91,13.94,64,10.43,44469,True,False,45
rul_miras,FD004,mamba2+bilstm,,1,16.1398,1786.18,14.4288,60,10.404,44469,True,False,45
rul_miras,FD004,mamba2+bilstm,,2,15.2016,1580.54,12.4131,63,10.223,44469,True,False,45
rul_miras,FD004,mamba2,,0,15.9459,1595.27,13.9293,113,11.879,6533,True,False,45
rul_miras,FD004,mamba2,,1,15.2222,1320.51,12.9686,109,12.153,6533,True,False,45
rul_miras,FD004,mamba2,,2,15.592,1709.64,13.2024,98,12.351,6533,True,False,45
rul_miras,FD004,memora,,0,17.0138,1578.22,15.4014,83,14.861,6535,True,False,45
rul_miras,FD004,memora,,1,15.5558,1499.88,14.0191,105,14.87,6535,True,False,45
rul_miras,FD004,memora,,2,16.0012,1385.74,13.8683,91,14.781,6535,True,False,45
rul_miras,FD004,moneta,,0,15.2862,1302.11,14.8146,131,15.098,6533,True,False,45
rul_miras,FD004,moneta,,1,14.8122,1302.87,13.0435,146,15.594,6533,True,False,45
rul_miras,FD004,moneta,,2,16.2632,1613.19,13.0351,91,15.632,6533,True,False,45
rul_miras,FD004,retnet,,0,14.4771,1274.92,13.311,132,9.825,6501,True,False,45
rul_miras,FD004,retnet,,1,15.124,1321.01,13.2842,112,9.873,6501,True,False,45
rul_miras,FD004,robust,,0,17.4364,2061.86,16.1522,57,11.534,6535,True,False,45
rul_miras,FD004,robust,,1,15.2319,1125.75,13.9235,77,10.98,6535,True,False,45
rul_miras,FD004,titans+bilstm,,0,14.3548,1267.03,12.5054,130,12.995,44503,True,False,45
rul_miras,FD004,titans+bilstm,,1,13.9661,1192.78,13.9071,88,12.925,44503,True,False,45
rul_miras,FD004,titans+bilstm,,2,14.9869,1379.95,12.0597,53,12.799,44503,True,False,45
rul_miras,FD004,titans,,0,14.5479,1496.42,13.0257,174,15.989,6567,True,False,45
rul_miras,FD004,titans,,1,14.2588,1276.19,13.9014,174,16.376,6567,True,False,45
rul_miras,FD004,titans,,2,18.2993,2009.77,16.567,101,15.658,6567,True,False,45
rul_miras,FD004,yaad,,0,16.0056,1684.35,15.3512,144,14.845,6567,True,False,45
rul_miras,FD004,yaad,,1,16.7802,1762.49,15.987,80,14.614,6567,True,False,45
rul_miras,FD004,yaad,,2,16.9688,1838.91,14.6906,91,13.969,6567,True,False,45
rul_mlp,FD001,titans_mlp,,0,17.2319,465.72,14.9593,60,63.103,12410,False,False,45
rul_mlp,FD001,titans_mlp,,1,15.558,416.67,11.1617,60,62.036,12410,False,False,45
rul_mlp,FD001,titans,,0,15.2282,479.29,14.0924,60,6.076,9338,False,False,45
rul_mlp,FD001,titans,,1,14.7189,504.25,12.5964,60,5.957,9338,False,False,45
rul_rve,FD001,rve_full_L2,,0,13.8318,371.64,12.0701,140,0.783,80422,False,,40
rul_rve,FD001,rve_full_L2,,1,14.4187,343.45,11.5224,65,1.018,80422,False,,40
rul_rve,FD001,rve_full_L2,,2,14.2537,390.58,13.5706,64,1.033,80422,False,,40
rul_rve,FD001,rve_full_L2,,3,13.5862,323.76,11.8232,99,0.773,80422,False,,40
rul_rve,FD001,rve_full_L2,,4,13.1821,293.04,12.1302,62,1.001,80422,False,,40
rul_rve,FD001,rve_full_L2,,5,13.9429,431.26,12.2931,96,1.033,80422,False,,40
rul_rve,FD001,rve_full_L2,,6,13.8636,305.42,12.2298,69,0.786,80422,False,,40
rul_rve,FD001,rve_full_L2,,7,14.7192,500.94,13.1641,125,1.012,80422,False,,40
rul_rve,FD001,rve_full_L2,,8,13.4123,291.0,12.8137,48,1.033,80422,False,,40
rul_rve,FD001,rve_full_L2,,9,14.0311,435.64,13.1045,60,0.772,80422,False,,40
rul_rve,FD001,rve_full_L32,,0,14.4259,300.37,12.1379,59,0.797,106522,False,,40
rul_rve,FD001,rve_full_L32,,1,12.6099,321.66,11.6359,70,1.012,106522,False,,40
rul_rve,FD001,rve_full_L32,,2,14.3975,299.59,12.3783,69,1.048,106522,False,,40
rul_rve,FD001,rve_full_L32,,3,13.0656,252.56,12.592,64,0.789,106522,False,,40
rul_rve,FD001,rve_full_L32,,4,13.2046,305.88,12.0447,64,1.015,106522,False,,40
rul_rve,FD001,rve_full_L32,,5,14.0114,266.97,12.6808,42,1.045,106522,False,,40
rul_rve,FD001,rve_full_L32,,6,13.7259,436.56,12.4335,65,0.804,106522,False,,40
rul_rve,FD001,rve_full_L32,,7,14.5441,548.68,12.973,73,0.992,106522,False,,40
rul_rve,FD001,rve_full_L32,,8,13.4821,302.31,12.063,105,1.045,106522,False,,40
rul_rve,FD001,rve_full_L32,,9,12.8197,356.19,12.8082,97,0.788,106522,False,,40
rul_rve,FD001,rve_full_L3,,0,13.3054,331.03,12.3994,66,1.015,81292,False,,40
rul_rve,FD001,rve_full_L3,,1,13.6305,348.36,11.7932,61,1.02,81292,False,,40
rul_rve,FD001,rve_full_L3,,2,14.7572,315.74,13.1306,49,0.804,81292,False,,40
rul_rve,FD001,rve_full_L3,,3,13.3537,384.13,12.2272,99,1.001,81292,False,,40
rul_rve,FD001,rve_full_L3,,4,14.422,329.37,12.5631,67,1.002,81292,False,,40
rul_rve,FD001,rve_full_L3,,5,14.6296,307.08,12.0046,83,0.802,81292,False,,40
rul_rve,FD001,rve_full_L3,,6,16.2546,390.14,12.2967,94,1.02,81292,False,,40
rul_rve,FD001,rve_full_L3,,7,13.7057,365.55,13.0222,73,1.015,81292,False,,40
rul_rve,FD001,rve_full_L3,,8,13.3975,317.32,13.2474,49,0.804,81292,False,,40
rul_rve,FD001,rve_full_L3,,9,14.0277,375.57,13.1695,83,1.005,81292,False,,40
rul_rve,FD001,rve_full_L8,,0,14.1331,391.81,11.9861,59,1.015,85642,False,,40
rul_rve,FD001,rve_full_L8,,1,14.9814,317.92,11.6938,70,0.79,85642,False,,40
rul_rve,FD001,rve_full_L8,,2,13.4889,268.36,12.5266,72,1.041,85642,False,,40
rul_rve,FD001,rve_full_L8,,3,13.6428,290.37,11.7934,149,1.003,85642,False,,40
rul_rve,FD001,rve_full_L8,,4,13.4509,356.13,12.1545,77,0.778,85642,False,,40
rul_rve,FD001,rve_full_L8,,5,13.9922,287.88,12.8545,43,1.047,85642,False,,40
rul_rve,FD001,rve_full_L8,,6,13.8558,290.56,12.0981,65,1.026,85642,False,,40
rul_rve,FD001,rve_full_L8,,7,13.7436,393.14,13.0885,57,0.788,85642,False,,40
rul_rve,FD001,rve_full_L8,,8,14.8183,290.43,12.5017,86,1.045,85642,False,,40
rul_rve,FD001,rve_full_L8,,9,13.5409,348.52,13.4021,73,1.006,85642,False,,40
rul_rve,FD001,rve_norecon_L2,,0,14.0836,351.67,12.0276,60,0.528,43413,False,,40
rul_rve,FD001,rve_norecon_L2,,1,14.339,403.67,11.5112,65,0.405,43413,False,,40
rul_rve,FD001,rve_norecon_L2,,2,13.8381,305.64,12.5407,109,0.518,43413,False,,40
rul_rve,FD001,rve_norecon_L2,,3,14.4396,438.42,12.715,71,0.514,43413,False,,40
rul_rve,FD001,rve_norecon_L2,,4,13.167,330.87,12.1399,128,0.424,43413,False,,40
rul_rve,FD001,rve_norecon_L2,,5,14.4977,305.22,12.1139,64,0.533,43413,False,,40
rul_rve,FD001,rve_norecon_L2,,6,14.0842,329.68,12.0649,71,0.523,43413,False,,40
rul_rve,FD001,rve_norecon_L2,,7,15.1296,738.45,13.0153,67,0.405,43413,False,,40
rul_rve,FD001,rve_norecon_L2,,8,14.8953,323.21,12.6564,62,0.534,43413,False,,40
rul_rve,FD001,rve_norecon_L2,,9,13.0154,302.25,13.2649,62,0.521,43413,False,,40
rul_rve,FD001,rve_norecon_L32,,0,13.4937,340.66,11.8131,83,0.521,54153,False,,40
rul_rve,FD001,rve_norecon_L32,,1,14.117,319.54,11.7469,88,0.434,54153,False,,40
rul_rve,FD001,rve_norecon_L32,,2,14.8247,285.43,13.1636,72,0.496,54153,False,,40
rul_rve,FD001,rve_norecon_L32,,3,14.7261,388.4,12.079,72,0.504,54153,False,,40
rul_rve,FD001,rve_norecon_L32,,4,14.22,392.6,12.2487,51,0.374,54153,False,,40
rul_rve,FD001,rve_norecon_L32,,5,14.0286,283.37,13.3642,42,0.517,54153,False,,40
rul_rve,FD001,rve_norecon_L32,,6,13.6761,287.68,12.9414,45,0.519,54153,False,,40
rul_rve,FD001,rve_norecon_L32,,7,14.1558,415.12,13.1596,62,0.415,54153,False,,40
rul_rve,FD001,rve_norecon_L32,,8,15.1974,335.22,12.3703,88,0.492,54153,False,,40
rul_rve,FD001,rve_norecon_L32,,9,13.2252,331.22,12.9611,93,0.486,54153,False,,40
rul_rve,FD001,rve_norecon_L3,,0,13.6711,338.38,12.6446,83,0.434,43771,False,,40
rul_rve,FD001,rve_norecon_L3,,1,14.2676,329.55,11.3145,61,0.527,43771,False,,40
rul_rve,FD001,rve_norecon_L3,,2,13.2401,348.29,13.2692,69,0.427,43771,False,,40
rul_rve,FD001,rve_norecon_L3,,3,13.9141,296.19,12.6632,47,0.425,43771,False,,40
rul_rve,FD001,rve_norecon_L3,,4,13.7078,368.31,12.1536,72,0.497,43771,False,,40
rul_rve,FD001,rve_norecon_L3,,5,13.5474,245.07,12.4166,46,0.427,43771,False,,40
rul_rve,FD001,rve_norecon_L3,,6,13.9851,346.6,12.4329,112,0.435,43771,False,,40
rul_rve,FD001,rve_norecon_L3,,7,14.2326,375.93,13.939,45,0.505,43771,False,,40
rul_rve,FD001,rve_norecon_L3,,8,13.2479,317.57,12.7339,65,0.438,43771,False,,40
rul_rve,FD001,rve_norecon_L3,,9,13.6283,410.99,13.3809,79,0.425,43771,False,,40
rul_rve,FD001,rve_norecon_L8,,0,12.6919,296.45,11.8406,113,0.497,45561,False,,40
rul_rve,FD001,rve_norecon_L8,,1,13.1726,284.88,12.0322,76,0.423,45561,False,,40
rul_rve,FD001,rve_norecon_L8,,2,14.32,250.9,12.8813,56,0.426,45561,False,,40
rul_rve,FD001,rve_norecon_L8,,3,13.6211,339.68,12.7457,61,0.499,45561,False,,40
rul_rve,FD001,rve_norecon_L8,,4,14.0421,355.96,12.2064,76,0.521,45561,False,,40
rul_rve,FD001,rve_norecon_L8,,5,13.941,357.71,12.0008,99,0.441,45561,False,,40
rul_rve,FD001,rve_norecon_L8,,6,13.9558,322.46,12.6381,47,0.511,45561,False,,40
rul_rve,FD001,rve_norecon_L8,,7,13.9449,444.51,12.156,118,0.522,45561,False,,40
rul_rve,FD001,rve_norecon_L8,,8,13.9822,285.12,12.7828,79,0.384,45561,False,,40
rul_rve,FD001,rve_norecon_L8,,9,13.9749,482.3,13.1411,98,0.481,45561,False,,40
rul_rve,FD001,rve_notrip_L2,,0,13.1018,323.12,11.4284,99,0.988,80422,False,,40
rul_rve,FD001,rve_notrip_L2,,1,13.2931,274.17,10.7598,78,0.965,80422,False,,40
rul_rve,FD001,rve_notrip_L2,,2,13.6358,284.15,12.4253,66,0.742,80422,False,,40
rul_rve,FD001,rve_notrip_L2,,3,13.4975,349.16,11.8185,74,0.946,80422,False,,40
rul_rve,FD001,rve_notrip_L2,,4,12.6134,267.4,11.6856,87,0.948,80422,False,,40
rul_rve,FD001,rve_notrip_L2,,5,13.5603,298.72,12.1805,42,0.742,80422,False,,40
rul_rve,FD001,rve_notrip_L2,,6,13.2476,310.45,11.7176,56,0.965,80422,False,,40
rul_rve,FD001,rve_notrip_L2,,7,13.2686,325.6,11.9342,71,0.955,80422,False,,40
rul_rve,FD001,rve_notrip_L2,,8,13.7992,286.87,12.3148,67,0.742,80422,False,,40
rul_rve,FD001,rve_notrip_L2,,9,13.3065,337.39,13.2057,70,0.945,80422,False,,40
rul_rve,FD001,rve_notrip_L32,,0,13.2821,325.71,11.3431,80,0.964,106522,False,,40
rul_rve,FD001,rve_notrip_L32,,1,13.3482,291.83,10.3394,102,0.951,106522,False,,40
rul_rve,FD001,rve_notrip_L32,,2,13.5722,290.82,12.4697,71,0.76,106522,False,,40
rul_rve,FD001,rve_notrip_L32,,3,13.5775,361.34,11.7416,63,0.933,106522,False,,40
rul_rve,FD001,rve_notrip_L32,,4,13.8738,368.38,10.5599,161,0.923,106522,False,,40
rul_rve,FD001,rve_notrip_L32,,5,12.8414,244.31,11.9882,54,0.758,106522,False,,40
rul_rve,FD001,rve_notrip_L32,,6,13.443,291.42,11.1817,62,0.942,106522,False,,40
rul_rve,FD001,rve_notrip_L32,,7,14.6159,513.22,12.0487,68,0.93,106522,False,,40
rul_rve,FD001,rve_notrip_L32,,8,13.4336,312.72,12.563,50,0.809,106522,False,,40
rul_rve,FD001,rve_notrip_L32,,9,13.383,300.41,13.028,38,0.962,106522,False,,40
rul_rve,FD001,rve_notrip_L3,,0,13.5741,346.59,11.4492,97,0.953,81292,False,,40
rul_rve,FD001,rve_notrip_L3,,1,13.0055,288.67,10.794,46,0.733,81292,False,,40
rul_rve,FD001,rve_notrip_L3,,2,12.953,287.23,12.2411,84,0.975,81292,False,,40
rul_rve,FD001,rve_notrip_L3,,3,14.1997,420.95,11.3661,91,0.946,81292,False,,40
rul_rve,FD001,rve_notrip_L3,,4,12.876,318.33,11.6823,91,0.719,81292,False,,40
rul_rve,FD001,rve_notrip_L3,,5,12.6786,244.76,12.0475,50,0.974,81292,False,,40
rul_rve,FD001,rve_notrip_L3,,6,13.2648,322.64,11.0655,91,0.964,81292,False,,40
rul_rve,FD001,rve_notrip_L3,,7,13.1277,292.87,11.893,67,0.728,81292,False,,40
rul_rve,FD001,rve_notrip_L3,,8,13.6137,267.05,12.4567,77,0.975,81292,False,,40
rul_rve,FD001,rve_notrip_L3,,9,13.0769,292.83,13.1315,86,0.947,81292,False,,40
rul_rve,FD001,rve_notrip_L8,,0,13.6805,376.57,11.4421,108,0.73,85642,False,,40
rul_rve,FD001,rve_notrip_L8,,1,13.2146,308.05,10.4145,81,0.965,85642,False,,40
rul_rve,FD001,rve_notrip_L8,,2,13.4129,280.55,12.2792,80,0.969,85642,False,,40
rul_rve,FD001,rve_notrip_L8,,3,14.2235,509.43,11.1801,131,0.72,85642,False,,40
rul_rve,FD001,rve_notrip_L8,,4,12.8627,301.45,11.52,102,0.946,85642,False,,40
rul_rve,FD001,rve_notrip_L8,,5,13.1906,267.96,12.1292,67,0.979,85642,False,,40
rul_rve,FD001,rve_notrip_L8,,6,13.579,309.17,10.9637,65,0.738,85642,False,,40
rul_rve,FD001,rve_notrip_L8,,7,14.5029,529.3,11.9868,113,0.959,85642,False,,40
rul_rve,FD001,rve_notrip_L8,,8,13.7292,319.42,12.4061,60,0.985,85642,False,,40
rul_rve,FD001,rve_notrip_L8,,9,13.2427,298.37,12.7955,95,0.723,85642,False,,40
rul_rve,FD001,rve_plain_L2,,0,13.1253,300.8,11.2616,132,0.342,43413,False,,40
rul_rve,FD001,rve_plain_L2,,1,12.5732,257.68,10.3935,104,0.479,43413,False,,40
rul_rve,FD001,rve_plain_L2,,2,13.5749,316.42,12.4391,80,0.486,43413,False,,40
rul_rve,FD001,rve_plain_L2,,3,14.2149,383.68,11.2752,88,0.361,43413,False,,40
rul_rve,FD001,rve_plain_L2,,4,12.7098,309.4,11.2786,109,0.443,43413,False,,40
rul_rve,FD001,rve_plain_L2,,5,12.3184,240.75,12.0188,50,0.461,43413,False,,40
rul_rve,FD001,rve_plain_L2,,6,14.4329,390.16,11.4759,138,0.342,43413,False,,40
rul_rve,FD001,rve_plain_L2,,7,13.7394,371.05,11.9304,71,0.466,43413,False,,40
rul_rve,FD001,rve_plain_L2,,8,13.9669,298.51,12.3946,67,0.462,43413,False,,40
rul_rve,FD001,rve_plain_L2,,9,14.3768,421.69,12.8128,93,0.356,43413,False,,40
rul_rve,FD001,rve_plain_L32,,0,13.6665,359.55,11.3229,125,0.37,54153,False,,40
rul_rve,FD001,rve_plain_L32,,1,13.0219,282.33,10.197,107,0.457,54153,False,,40
rul_rve,FD001,rve_plain_L32,,2,13.2858,260.2,12.3095,76,0.441,54153,False,,40
rul_rve,FD001,rve_plain_L32,,3,13.2629,314.92,11.7523,43,0.336,54153,False,,40
rul_rve,FD001,rve_plain_L32,,4,12.868,309.43,11.5144,83,0.448,54153,False,,40
rul_rve,FD001,rve_plain_L32,,5,12.5651,238.36,11.6408,71,0.441,54153,False,,40
rul_rve,FD001,rve_plain_L32,,6,13.4085,302.19,11.2115,62,0.347,54153,False,,40
rul_rve,FD001,rve_plain_L32,,7,13.9476,395.18,11.8619,68,0.457,54153,False,,40
rul_rve,FD001,rve_plain_L32,,8,13.5953,310.41,12.0271,79,0.439,54153,False,,40
rul_rve,FD001,rve_plain_L32,,9,12.9456,301.25,12.6975,102,0.337,54153,False,,40
rul_rve,FD001,rve_plain_L3,,0,13.3183,365.24,11.2974,125,0.451,43771,False,,40
rul_rve,FD001,rve_plain_L3,,1,14.8011,385.34,10.7269,122,0.456,43771,False,,40
rul_rve,FD001,rve_plain_L3,,2,13.1626,285.88,12.0202,80,0.349,43771,False,,40
rul_rve,FD001,rve_plain_L3,,3,14.0174,373.2,11.9549,79,0.442,43771,False,,40
rul_rve,FD001,rve_plain_L3,,4,12.9594,317.91,11.5954,78,0.448,43771,False,,40
rul_rve,FD001,rve_plain_L3,,5,13.3564,288.34,12.257,42,0.35,43771,False,,40
rul_rve,FD001,rve_plain_L3,,6,13.4105,310.77,11.1977,94,0.454,43771,False,,40
rul_rve,FD001,rve_plain_L3,,7,13.94,429.33,11.5804,68,0.458,43771,False,,40
rul_rve,FD001,rve_plain_L3,,8,13.6965,295.22,12.5132,67,0.351,43771,False,,40
rul_rve,FD001,rve_plain_L3,,9,13.1235,302.1,12.7804,84,0.443,43771,False,,40
rul_rve,FD001,rve_plain_L8,,0,14.1144,407.54,11.5549,68,0.451,45561,False,,40
rul_rve,FD001,rve_plain_L8,,1,13.3192,306.99,10.3946,90,0.343,45561,False,,40
rul_rve,FD001,rve_plain_L8,,2,14.6744,422.54,12.2009,124,0.47,45561,False,,40
rul_rve,FD001,rve_plain_L8,,3,14.0421,405.11,11.7802,90,0.447,45561,False,,40
rul_rve,FD001,rve_plain_L8,,4,13.2207,348.94,11.4485,111,0.363,45561,False,,40
rul_rve,FD001,rve_plain_L8,,5,13.2557,266.88,12.2946,46,0.465,45561,False,,40
rul_rve,FD001,rve_plain_L8,,6,14.094,335.46,11.1106,95,0.457,45561,False,,40
rul_rve,FD001,rve_plain_L8,,7,13.0302,310.48,11.8248,96,0.342,45561,False,,40
rul_rve,FD001,rve_plain_L8,,8,13.4456,293.25,12.2908,50,0.484,45561,False,,40
rul_rve,FD001,rve_plain_L8,,9,13.4164,311.82,12.674,95,0.424,45561,False,,40
rul_rve,FD002,rve_full_L2,,0,14.543,1350.84,13.7586,67,1.802,80422,True,,60
rul_rve,FD002,rve_full_L2,,1,13.4753,745.05,14.6379,57,2.341,80422,True,,60
rul_rve,FD002,rve_full_L2,,2,13.639,901.47,14.6825,73,2.277,80422,True,,60
rul_rve,FD002,rve_full_L2,,3,13.4899,829.19,13.7092,85,1.796,80422,True,,60
rul_rve,FD002,rve_full_L2,,4,13.3766,787.25,14.0091,75,2.287,80422,True,,60
rul_rve,FD002,rve_full_L2,,5,12.5091,676.99,13.5132,72,2.295,80422,True,,60
rul_rve,FD002,rve_full_L2,,6,13.9806,969.77,14.1729,89,1.814,80422,True,,60
rul_rve,FD002,rve_full_L2,,7,13.3443,825.49,13.9856,47,2.247,80422,True,,60
rul_rve,FD002,rve_full_L2,,8,14.2172,835.33,15.478,47,2.328,80422,True,,60
rul_rve,FD002,rve_full_L2,,9,13.3626,805.72,15.4456,80,1.804,80422,True,,60
rul_rve,FD002,rve_full_L32,,0,12.4749,624.45,13.126,86,1.815,106522,True,,60
rul_rve,FD002,rve_full_L32,,1,12.9704,793.31,14.1212,109,2.21,106522,True,,60
rul_rve,FD002,rve_full_L32,,2,12.4575,709.79,14.4493,69,2.172,106522,True,,60
rul_rve,FD002,rve_full_L32,,3,12.4307,654.83,13.7652,83,1.721,106522,True,,60
rul_rve,FD002,rve_full_L32,,4,12.5688,775.84,14.0291,56,2.233,106522,True,,60
rul_rve,FD002,rve_full_L32,,5,12.8592,748.65,13.7031,65,2.193,106522,True,,60
rul_rve,FD002,rve_full_L32,,6,13.6718,813.84,14.6894,52,1.974,106522,True,,60
rul_rve,FD002,rve_full_L32,,7,12.815,915.12,13.1209,55,2.135,106522,True,,60
rul_rve,FD002,rve_full_L32,,8,13.2716,855.78,14.5192,126,2.143,106522,True,,60
rul_rve,FD002,rve_full_L32,,9,12.6524,709.81,14.3179,53,1.968,106522,True,,60
rul_rve,FD002,rve_full_L3,,0,13.2789,821.59,13.334,121,2.325,81292,True,,60
rul_rve,FD002,rve_full_L3,,1,12.6302,669.02,14.7358,57,2.345,81292,True,,60
rul_rve,FD002,rve_full_L3,,2,14.1442,954.17,14.4938,77,1.801,81292,True,,60
rul_rve,FD002,rve_full_L3,,3,13.2157,899.65,14.3205,56,2.321,81292,True,,60
rul_rve,FD002,rve_full_L3,,4,13.274,786.01,14.6472,61,2.289,81292,True,,60
rul_rve,FD002,rve_full_L3,,5,13.815,969.41,13.4514,66,1.818,81292,True,,60
rul_rve,FD002,rve_full_L3,,6,13.1964,760.64,14.2393,88,2.219,81292,True,,60
rul_rve,FD002,rve_full_L3,,7,12.9237,744.67,13.7871,45,2.26,81292,True,,60
rul_rve,FD002,rve_full_L3,,8,13.601,802.89,15.3554,66,1.678,81292,True,,60
rul_rve,FD002,rve_full_L3,,9,13.2496,698.11,14.9663,32,2.341,81292,True,,60
rul_rve,FD002,rve_full_L8,,0,13.3376,757.62,13.6195,107,2.204,85642,True,,60
rul_rve,FD002,rve_full_L8,,1,13.0835,732.4,14.5029,86,1.691,85642,True,,60
rul_rve,FD002,rve_full_L8,,2,13.4557,1024.94,14.684,62,2.163,85642,True,,60
rul_rve,FD002,rve_full_L8,,3,13.9637,895.78,14.562,75,2.209,85642,True,,60
rul_rve,FD002,rve_full_L8,,4,12.8573,635.85,13.8212,85,1.656,85642,True,,60
rul_rve,FD002,rve_full_L8,,5,12.9606,780.95,13.7711,66,2.225,85642,True,,60
rul_rve,FD002,rve_full_L8,,6,12.9328,738.07,14.7196,52,2.203,85642,True,,60
rul_rve,FD002,rve_full_L8,,7,13.7865,937.8,14.0813,61,1.633,85642,True,,60
rul_rve,FD002,rve_full_L8,,8,13.0127,838.29,15.1031,75,2.2,85642,True,,60
rul_rve,FD002,rve_full_L8,,9,13.4505,691.21,14.694,94,2.195,85642,True,,60
rul_rve,FD002,rve_norecon_L2,,0,13.8253,1094.39,13.5389,60,2.055,43413,True,,60
rul_rve,FD002,rve_norecon_L2,,1,13.5159,935.22,14.2537,66,1.671,43413,True,,60
rul_rve,FD002,rve_norecon_L2,,2,13.3475,743.14,14.1107,50,2.018,43413,True,,60
rul_rve,FD002,rve_norecon_L2,,3,13.1452,1039.86,14.9217,36,1.926,43413,True,,60
rul_rve,FD002,rve_norecon_L2,,4,13.0779,725.25,14.6821,39,1.469,43413,True,,60
rul_rve,FD002,rve_norecon_L2,,5,13.4694,924.47,13.7305,98,2.052,43413,True,,60
rul_rve,FD002,rve_norecon_L2,,6,13.3141,814.64,14.477,68,2.083,43413,True,,60
rul_rve,FD002,rve_norecon_L2,,7,13.1954,896.15,13.726,89,1.463,43413,True,,60
rul_rve,FD002,rve_norecon_L2,,8,13.4357,796.9,15.4269,79,2.046,43413,True,,60
rul_rve,FD002,rve_norecon_L2,,9,12.9025,728.11,15.4644,64,2.176,43413,True,,60
rul_rve,FD002,rve_norecon_L32,,0,12.5422,799.95,13.544,60,2.044,54153,True,,60
rul_rve,FD002,rve_norecon_L32,,1,13.0271,588.79,14.7812,63,1.354,54153,True,,60
rul_rve,FD002,rve_norecon_L32,,2,12.5814,741.45,14.5616,73,1.902,54153,True,,60
rul_rve,FD002,rve_norecon_L32,,3,12.858,656.48,14.1271,87,1.915,54153,True,,60
rul_rve,FD002,rve_norecon_L32,,4,13.2687,818.07,13.9499,81,1.519,54153,True,,60
rul_rve,FD002,rve_norecon_L32,,5,12.7109,752.54,14.0071,63,1.88,54153,True,,60
rul_rve,FD002,rve_norecon_L32,,6,12.5757,688.3,13.6462,153,2.126,54153,True,,60
rul_rve,FD002,rve_norecon_L32,,7,13.2391,789.28,13.661,53,1.304,54153,True,,60
rul_rve,FD002,rve_norecon_L32,,8,12.8203,728.67,14.8514,86,2.039,54153,True,,60
rul_rve,FD002,rve_norecon_L32,,9,13.096,715.09,14.8341,44,1.915,54153,True,,60
rul_rve,FD002,rve_norecon_L3,,0,13.4826,811.02,13.4738,61,1.52,43771,True,,60
rul_rve,FD002,rve_norecon_L3,,1,13.7574,890.64,14.3046,90,2.065,43771,True,,60
rul_rve,FD002,rve_norecon_L3,,2,14.6664,999.6,14.6718,103,1.984,43771,True,,60
rul_rve,FD002,rve_norecon_L3,,3,13.0641,883.18,13.8757,56,1.527,43771,True,,60
rul_rve,FD002,rve_norecon_L3,,4,13.4082,851.26,14.4447,55,2.032,43771,True,,60
rul_rve,FD002,rve_norecon_L3,,5,13.2171,987.48,13.6848,65,2.035,43771,True,,60
rul_rve,FD002,rve_norecon_L3,,6,12.605,682.08,14.272,84,1.451,43771,True,,60
rul_rve,FD002,rve_norecon_L3,,7,13.1769,984.44,13.9139,49,1.991,43771,True,,60
rul_rve,FD002,rve_norecon_L3,,8,14.4467,960.83,15.1438,64,1.916,43771,True,,60
rul_rve,FD002,rve_norecon_L3,,9,13.1723,745.21,14.6934,48,1.43,43771,True,,60
rul_rve,FD002,rve_norecon_L8,,0,13.126,855.59,13.5944,65,1.953,45561,True,,60
rul_rve,FD002,rve_norecon_L8,,1,13.9249,936.15,14.6642,79,2.083,45561,True,,60
rul_rve,FD002,rve_norecon_L8,,2,13.5798,782.57,14.5999,72,1.404,45561,True,,60
rul_rve,FD002,rve_norecon_L8,,3,13.5166,818.67,14.1722,36,1.996,45561,True,,60
rul_rve,FD002,rve_norecon_L8,,4,12.8001,638.0,14.3299,82,1.9,45561,True,,60
rul_rve,FD002,rve_norecon_L8,,5,13.1591,770.3,13.9227,68,1.422,45561,True,,60
rul_rve,FD002,rve_norecon_L8,,6,13.4622,775.69,14.5398,77,1.912,45561,True,,60
rul_rve,FD002,rve_norecon_L8,,7,13.259,996.94,13.6253,78,1.942,45561,True,,60
rul_rve,FD002,rve_norecon_L8,,8,12.3312,738.7,15.374,111,1.351,45561,True,,60
rul_rve,FD002,rve_norecon_L8,,9,13.2529,671.82,14.807,93,1.895,45561,True,,60
rul_rve,FD002,rve_notrip_L2,,0,14.7954,1068.82,14.2402,46,2.234,80422,True,,60
rul_rve,FD002,rve_notrip_L2,,1,15.497,1051.42,15.9426,42,2.149,80422,True,,60
rul_rve,FD002,rve_notrip_L2,,2,13.8919,817.62,16.2068,67,1.534,80422,True,,60
rul_rve,FD002,rve_notrip_L2,,3,14.5864,967.87,15.7281,39,2.237,80422,True,,60
rul_rve,FD002,rve_notrip_L2,,4,14.338,1022.4,15.5794,45,2.217,80422,True,,60
rul_rve,FD002,rve_notrip_L2,,5,14.8572,928.9,16.3476,35,1.644,80422,True,,60
rul_rve,FD002,rve_notrip_L2,,6,15.9988,1039.05,15.1436,46,2.185,80422,True,,60
rul_rve,FD002,rve_notrip_L2,,7,15.0188,995.1,15.1452,39,2.267,80422,True,,60
rul_rve,FD002,rve_notrip_L2,,8,15.0443,1217.64,16.5907,38,1.552,80422,True,,60
rul_rve,FD002,rve_notrip_L2,,9,15.1635,1050.67,16.3236,45,2.29,80422,True,,60
rul_rve,FD002,rve_notrip_L32,,0,12.7053,668.45,12.7613,32,2.061,106522,True,,60
rul_rve,FD002,rve_notrip_L32,,1,12.0214,564.04,13.6871,31,2.082,106522,True,,60
rul_rve,FD002,rve_notrip_L32,,2,11.9713,620.2,14.2978,32,1.654,106522,True,,60
rul_rve,FD002,rve_notrip_L32,,3,12.2631,713.23,13.5474,35,2.048,106522,True,,60
rul_rve,FD002,rve_notrip_L32,,4,12.034,683.49,13.3871,32,2.166,106522,True,,60
rul_rve,FD002,rve_notrip_L32,,5,11.8319,602.09,13.0317,32,1.672,106522,True,,60
rul_rve,FD002,rve_notrip_L32,,6,13.2592,881.14,13.2147,40,2.189,106522,True,,60
rul_rve,FD002,rve_notrip_L32,,7,12.0881,720.72,12.887,29,1.971,106522,True,,60
rul_rve,FD002,rve_notrip_L32,,8,11.9579,684.2,14.4097,31,1.667,106522,True,,60
rul_rve,FD002,rve_notrip_L32,,9,12.323,590.42,14.5866,32,2.084,106522,True,,60
rul_rve,FD002,rve_notrip_L3,,0,12.3105,629.51,13.1268,32,2.055,81292,True,,60
rul_rve,FD002,rve_notrip_L3,,1,12.644,602.87,13.4744,34,1.569,81292,True,,60
rul_rve,FD002,rve_notrip_L3,,2,12.1574,687.41,14.1123,32,2.026,81292,True,,60
rul_rve,FD002,rve_notrip_L3,,3,12.0717,653.93,13.4859,35,1.884,81292,True,,60
rul_rve,FD002,rve_notrip_L3,,4,12.3615,651.93,13.0385,35,1.54,81292,True,,60
rul_rve,FD002,rve_notrip_L3,,5,12.3534,646.71,13.1152,32,2.228,81292,True,,60
rul_rve,FD002,rve_notrip_L3,,6,12.8286,621.05,13.3531,37,2.072,81292,True,,60
rul_rve,FD002,rve_notrip_L3,,7,12.2194,666.82,13.5702,29,1.499,81292,True,,60
rul_rve,FD002,rve_notrip_L3,,8,12.477,800.46,14.5171,31,2.04,81292,True,,60
rul_rve,FD002,rve_notrip_L3,,9,12.4671,635.4,14.2864,30,2.306,81292,True,,60
rul_rve,FD002,rve_notrip_L8,,0,12.5811,747.59,12.5623,33,1.675,85642,True,,60
rul_rve,FD002,rve_notrip_L8,,1,12.3622,698.86,13.3057,33,2.173,85642,True,,60
rul_rve,FD002,rve_notrip_L8,,2,12.0867,606.14,13.4973,34,1.907,85642,True,,60
rul_rve,FD002,rve_notrip_L8,,3,12.5309,641.76,13.8129,35,1.56,85642,True,,60
rul_rve,FD002,rve_notrip_L8,,4,12.6417,786.17,13.132,34,2.041,85642,True,,60
rul_rve,FD002,rve_notrip_L8,,5,11.8639,578.92,13.146,32,2.132,85642,True,,60
rul_rve,FD002,rve_notrip_L8,,6,13.5961,909.7,13.8422,40,1.675,85642,True,,60
rul_rve,FD002,rve_notrip_L8,,7,11.9582,586.1,13.0781,32,1.977,85642,True,,60
rul_rve,FD002,rve_notrip_L8,,8,12.5637,760.01,14.5607,33,2.172,85642,True,,60
rul_rve,FD002,rve_notrip_L8,,9,12.0313,617.87,13.6658,31,1.673,85642,True,,60
rul_rve,FD002,rve_plain_L2,,0,12.0136,550.95,13.2319,29,0.851,43413,True,,60
rul_rve,FD002,rve_plain_L2,,1,11.9902,541.83,13.5295,29,1.031,43413,True,,60
rul_rve,FD002,rve_plain_L2,,2,12.7241,671.85,14.3242,31,1.015,43413,True,,60
rul_rve,FD002,rve_plain_L2,,3,12.9461,612.3,13.8525,32,0.779,43413,True,,60
rul_rve,FD002,rve_plain_L2,,4,12.411,663.95,13.2255,30,1.105,43413,True,,60
rul_rve,FD002,rve_plain_L2,,5,12.0671,609.31,13.2689,28,1.024,43413,True,,60
rul_rve,FD002,rve_plain_L2,,6,13.0557,669.96,13.9762,30,0.833,43413,True,,60
rul_rve,FD002,rve_plain_L2,,7,13.0392,787.3,12.8639,29,0.991,43413,True,,60
rul_rve,FD002,rve_plain_L2,,8,12.6041,735.23,14.608,31,1.043,43413,True,,60
rul_rve,FD002,rve_plain_L2,,9,12.6856,665.72,14.2766,29,0.781,43413,True,,60
rul_rve,FD002,rve_plain_L32,,0,13.4274,826.14,13.3129,32,0.8,54153,True,,60
rul_rve,FD002,rve_plain_L32,,1,12.5332,625.32,13.9037,32,1.042,54153,True,,60
rul_rve,FD002,rve_plain_L32,,2,12.7967,944.76,14.3139,31,1.023,54153,True,,60
rul_rve,FD002,rve_plain_L32,,3,12.4782,602.39,13.5477,34,0.838,54153,True,,60
rul_rve,FD002,rve_plain_L32,,4,12.7939,747.36,13.5789,31,1.055,54153,True,,60
rul_rve,FD002,rve_plain_L32,,5,12.2264,677.11,13.5426,29,1.039,54153,True,,60
rul_rve,FD002,rve_plain_L32,,6,13.1894,882.55,13.0631,37,0.808,54153,True,,60
rul_rve,FD002,rve_plain_L32,,7,12.1263,663.13,13.5483,30,0.996,54153,True,,60
rul_rve,FD002,rve_plain_L32,,8,12.7669,687.05,15.1193,34,1.035,54153,True,,60
rul_rve,FD002,rve_plain_L32,,9,12.2482,566.19,13.7677,29,0.852,54153,True,,60
rul_rve,FD002,rve_plain_L3,,0,11.947,539.82,13.3348,29,1.131,43771,True,,60
rul_rve,FD002,rve_plain_L3,,1,11.6454,557.56,13.6394,29,1.04,43771,True,,60
rul_rve,FD002,rve_plain_L3,,2,12.4794,640.19,14.5647,30,0.814,43771,True,,60
rul_rve,FD002,rve_plain_L3,,3,12.1656,650.95,13.5309,35,1.03,43771,True,,60
rul_rve,FD002,rve_plain_L3,,4,13.0694,789.66,13.8238,30,1.021,43771,True,,60
rul_rve,FD002,rve_plain_L3,,5,12.5758,623.63,13.3219,30,0.78,43771,True,,60
rul_rve,FD002,rve_plain_L3,,6,13.7486,780.55,13.9625,32,1.149,43771,True,,60
rul_rve,FD002,rve_plain_L3,,7,12.2381,619.8,13.5748,32,1.006,43771,True,,60
rul_rve,FD002,rve_plain_L3,,8,12.5987,781.78,14.7579,30,0.823,43771,True,,60
rul_rve,FD002,rve_plain_L3,,9,11.808,585.54,14.0821,29,1.032,43771,True,,60
rul_rve,FD002,rve_plain_L8,,0,12.7762,683.74,12.8286,31,1.031,45561,True,,60
rul_rve,FD002,rve_plain_L8,,1,12.3715,647.09,13.885,31,0.792,45561,True,,60
rul_rve,FD002,rve_plain_L8,,2,12.3739,685.43,13.9359,30,1.119,45561,True,,60
rul_rve,FD002,rve_plain_L8,,3,12.357,645.47,13.7961,34,1.036,45561,True,,60
rul_rve,FD002,rve_plain_L8,,4,12.751,780.19,13.8871,30,0.787,45561,True,,60
rul_rve,FD002,rve_plain_L8,,5,12.3637,618.91,13.5954,32,1.025,45561,True,,60
rul_rve,FD002,rve_plain_L8,,6,13.2427,696.51,13.4295,36,1.042,45561,True,,60
rul_rve,FD002,rve_plain_L8,,7,12.7357,659.61,13.1123,30,0.76,45561,True,,60
rul_rve,FD002,rve_plain_L8,,8,12.7942,908.93,14.6963,31,1.135,45561,True,,60
rul_rve,FD002,rve_plain_L8,,9,12.0887,624.73,13.8018,30,1.035,45561,True,,60
rul_rve,FD003,rve_full_L2,,0,17.9272,1630.86,12.7438,61,1.035,80422,False,,60
rul_rve,FD003,rve_full_L2,,1,15.5619,1278.68,12.1514,56,1.068,80422,False,,60
rul_rve,FD003,rve_full_L2,,2,14.5407,773.93,12.8021,77,0.849,80422,False,,60
rul_rve,FD003,rve_full_L2,,3,12.993,279.39,10.699,87,0.995,80422,False,,60
rul_rve,FD003,rve_full_L2,,4,14.4237,654.8,12.7039,91,1.063,80422,False,,60
rul_rve,FD003,rve_full_L2,,5,15.1195,1122.09,12.0591,76,0.795,80422,False,,60
rul_rve,FD003,rve_full_L2,,6,15.0445,910.06,13.1653,61,1.013,80422,False,,60
rul_rve,FD003,rve_full_L2,,7,16.1279,411.16,13.6288,79,1.107,80422,False,,60
rul_rve,FD003,rve_full_L2,,8,14.4199,438.17,13.3855,70,0.834,80422,False,,60
rul_rve,FD003,rve_full_L2,,9,16.0075,957.57,12.1837,99,1.029,80422,False,,60
rul_rve,FD003,rve_full_L32,,0,15.6984,844.67,12.0146,88,0.979,106522,False,,60
rul_rve,FD003,rve_full_L32,,1,14.032,250.08,10.8738,79,1.007,106522,False,,60
rul_rve,FD003,rve_full_L32,,2,13.9321,544.07,13.5604,52,0.745,106522,False,,60
rul_rve,FD003,rve_full_L32,,3,14.9299,624.8,10.8768,82,0.962,106522,False,,60
rul_rve,FD003,rve_full_L32,,4,13.7847,490.64,12.1494,109,1.017,106522,False,,60
rul_rve,FD003,rve_full_L32,,5,13.7372,456.56,11.8909,68,0.738,106522,False,,60
rul_rve,FD003,rve_full_L32,,6,15.6537,1104.07,13.4057,54,0.996,106522,False,,60
rul_rve,FD003,rve_full_L32,,7,15.0062,884.27,12.6088,87,1.018,106522,False,,60
rul_rve,FD003,rve_full_L32,,8,13.0483,288.25,12.8163,157,0.737,106522,False,,60
rul_rve,FD003,rve_full_L32,,9,14.9921,725.51,12.2975,49,0.948,106522,False,,60
rul_rve,FD003,rve_full_L3,,0,15.2469,999.22,12.0878,64,1.01,81292,False,,60
rul_rve,FD003,rve_full_L3,,1,14.2342,282.3,11.2629,100,0.818,81292,False,,60
rul_rve,FD003,rve_full_L3,,2,15.4884,829.27,12.8308,77,1.042,81292,False,,60
rul_rve,FD003,rve_full_L3,,3,15.4789,1179.79,10.9434,77,0.981,81292,False,,60
rul_rve,FD003,rve_full_L3,,4,12.6253,258.96,12.2807,102,0.756,81292,False,,60
rul_rve,FD003,rve_full_L3,,5,14.0359,560.19,11.1992,182,0.975,81292,False,,60
rul_rve,FD003,rve_full_L3,,6,15.737,1213.22,13.4067,52,0.998,81292,False,,60
rul_rve,FD003,rve_full_L3,,7,15.3666,991.06,13.0405,76,0.851,81292,False,,60
rul_rve,FD003,rve_full_L3,,8,15.706,767.28,13.8767,46,1.026,81292,False,,60
rul_rve,FD003,rve_full_L3,,9,14.9499,896.84,11.7023,115,0.98,81292,False,,60
rul_rve,FD003,rve_full_L8,,0,13.668,321.69,11.5039,53,0.739,85642,False,,60
rul_rve,FD003,rve_full_L8,,1,13.1147,230.73,10.8605,86,1.012,85642,False,,60
rul_rve,FD003,rve_full_L8,,2,15.0161,932.95,13.0296,64,1.044,85642,False,,60
rul_rve,FD003,rve_full_L8,,3,13.9555,406.87,10.7886,109,0.735,85642,False,,60
rul_rve,FD003,rve_full_L8,,4,14.0113,475.89,11.9947,74,1.003,85642,False,,60
rul_rve,FD003,rve_full_L8,,5,15.0343,686.67,11.9689,95,0.987,85642,False,,60
rul_rve,FD003,rve_full_L8,,6,13.7452,383.46,13.2701,76,0.75,85642,False,,60
rul_rve,FD003,rve_full_L8,,7,17.2057,1331.13,14.0011,43,1.042,85642,False,,60
rul_rve,FD003,rve_full_L8,,8,15.7943,1042.25,13.4974,87,1.031,85642,False,,60
rul_rve,FD003,rve_full_L8,,9,14.7002,686.69,11.9,87,0.735,85642,False,,60
rul_rve,FD003,rve_norecon_L2,,0,15.2586,631.92,12.1473,88,0.662,43413,False,,60
rul_rve,FD003,rve_norecon_L2,,1,13.1239,271.22,11.0798,90,1.05,43413,False,,60
rul_rve,FD003,rve_norecon_L2,,2,13.6951,590.37,12.8041,86,0.991,43413,False,,60
rul_rve,FD003,rve_norecon_L2,,3,14.1221,526.19,10.6466,91,0.758,43413,False,,60
rul_rve,FD003,rve_norecon_L2,,4,14.6259,535.47,12.1602,60,1.002,43413,False,,60
rul_rve,FD003,rve_norecon_L2,,5,17.1915,1429.07,12.9655,45,0.897,43413,False,,60
rul_rve,FD003,rve_norecon_L2,,6,14.7202,504.06,12.9941,43,0.689,43413,False,,60
rul_rve,FD003,rve_norecon_L2,,7,13.8879,530.38,13.4968,78,1.033,43413,False,,60
rul_rve,FD003,rve_norecon_L2,,8,13.744,334.45,12.812,51,0.981,43413,False,,60
rul_rve,FD003,rve_norecon_L2,,9,13.1643,299.81,11.6517,129,0.66,43413,False,,60
rul_rve,FD003,rve_norecon_L32,,0,15.0949,964.04,11.7621,56,0.741,54153,False,,60
rul_rve,FD003,rve_norecon_L32,,1,14.0115,339.69,10.8731,160,1.015,54153,False,,60
rul_rve,FD003,rve_norecon_L32,,2,14.1441,593.96,12.4649,128,1.06,54153,False,,60
rul_rve,FD003,rve_norecon_L32,,3,15.3822,1072.06,11.1209,77,0.72,54153,False,,60
rul_rve,FD003,rve_norecon_L32,,4,14.353,578.05,12.2552,68,1.005,54153,False,,60
rul_rve,FD003,rve_norecon_L32,,5,13.8927,381.47,11.6221,80,1.003,54153,False,,60
rul_rve,FD003,rve_norecon_L32,,6,17.2903,1422.33,13.8101,39,0.756,54153,False,,60
rul_rve,FD003,rve_norecon_L32,,7,15.6103,1188.74,13.0542,70,1.102,54153,False,,60
rul_rve,FD003,rve_norecon_L32,,8,14.6427,502.25,13.283,99,1.069,54153,False,,60
rul_rve,FD003,rve_norecon_L32,,9,12.9575,303.27,11.2587,100,0.738,54153,False,,60
rul_rve,FD003,rve_norecon_L3,,0,17.0326,1079.36,13.4569,53,0.969,43771,False,,60
rul_rve,FD003,rve_norecon_L3,,1,16.6507,445.91,11.3528,82,0.991,43771,False,,60
rul_rve,FD003,rve_norecon_L3,,2,14.1105,447.17,12.1412,112,0.776,43771,False,,60
rul_rve,FD003,rve_norecon_L3,,3,13.7273,350.52,11.1518,64,0.964,43771,False,,60
rul_rve,FD003,rve_norecon_L3,,4,14.4823,798.61,13.1225,64,1.003,43771,False,,60
rul_rve,FD003,rve_norecon_L3,,5,15.8776,994.13,12.1643,58,0.726,43771,False,,60
rul_rve,FD003,rve_norecon_L3,,6,14.0096,714.02,13.4111,62,0.988,43771,False,,60
rul_rve,FD003,rve_norecon_L3,,7,14.3759,594.22,13.3167,66,1.032,43771,False,,60
rul_rve,FD003,rve_norecon_L3,,8,15.774,809.1,13.4585,89,0.758,43771,False,,60
rul_rve,FD003,rve_norecon_L3,,9,15.2609,1012.9,11.8709,64,0.974,43771,False,,60
rul_rve,FD003,rve_norecon_L8,,0,14.5324,469.66,11.4206,79,0.971,45561,False,,60
rul_rve,FD003,rve_norecon_L8,,1,13.748,316.46,11.3753,53,0.752,45561,False,,60
rul_rve,FD003,rve_norecon_L8,,2,14.7145,499.95,13.4743,43,1.034,45561,False,,60
rul_rve,FD003,rve_norecon_L8,,3,12.7948,261.94,10.3189,129,0.965,45561,False,,60
rul_rve,FD003,rve_norecon_L8,,4,12.9862,303.0,12.322,71,0.75,45561,False,,60
rul_rve,FD003,rve_norecon_L8,,5,15.1761,950.32,11.9169,112,0.977,45561,False,,60
rul_rve,FD003,rve_norecon_L8,,6,13.8393,402.92,12.9784,71,0.989,45561,False,,60
rul_rve,FD003,rve_norecon_L8,,7,13.9336,289.8,13.3849,78,0.771,45561,False,,60
rul_rve,FD003,rve_norecon_L8,,8,14.2289,561.69,12.8279,132,1.018,45561,False,,60
rul_rve,FD003,rve_norecon_L8,,9,14.5951,779.5,11.834,83,0.998,45561,False,,60
rul_rve,FD003,rve_notrip_L2,,0,14.343,556.14,12.4351,83,0.95,80422,False,,60
rul_rve,FD003,rve_notrip_L2,,1,12.9388,357.08,10.6155,67,0.708,80422,False,,60
rul_rve,FD003,rve_notrip_L2,,2,12.9235,375.33,10.8744,116,0.985,80422,False,,60
rul_rve,FD003,rve_notrip_L2,,3,13.2216,433.95,9.806,75,0.909,80422,False,,60
rul_rve,FD003,rve_notrip_L2,,4,14.1655,919.61,11.5757,60,0.666,80422,False,,60
rul_rve,FD003,rve_notrip_L2,,5,12.6339,370.2,10.3433,163,0.899,80422,False,,60
rul_rve,FD003,rve_notrip_L2,,6,12.2419,302.11,11.7148,125,0.932,80422,False,,60
rul_rve,FD003,rve_notrip_L2,,7,12.5299,230.79,13.0353,59,0.734,80422,False,,60
rul_rve,FD003,rve_notrip_L2,,8,14.0462,738.37,12.3355,61,0.939,80422,False,,60
rul_rve,FD003,rve_notrip_L2,,9,14.3818,653.24,10.5645,99,0.909,80422,False,,60
rul_rve,FD003,rve_notrip_L32,,0,14.6901,524.59,12.8999,64,0.999,106522,False,,60
rul_rve,FD003,rve_notrip_L32,,1,12.278,348.75,10.231,136,0.757,106522,False,,60
rul_rve,FD003,rve_notrip_L32,,2,11.8861,281.6,11.8244,98,1.136,106522,False,,60
rul_rve,FD003,rve_notrip_L32,,3,12.8632,522.43,9.566,85,1.003,106522,False,,60
rul_rve,FD003,rve_notrip_L32,,4,12.1397,245.05,10.6484,100,0.791,106522,False,,60
rul_rve,FD003,rve_notrip_L32,,5,12.3734,292.68,10.5485,125,1.07,106522,False,,60
rul_rve,FD003,rve_notrip_L32,,6,12.9062,359.02,10.6434,144,1.034,106522,False,,60
rul_rve,FD003,rve_notrip_L32,,7,13.3658,300.9,13.6882,48,0.856,106522,False,,60
rul_rve,FD003,rve_notrip_L32,,8,12.0886,281.3,11.2715,101,1.071,106522,False,,60
rul_rve,FD003,rve_notrip_L32,,9,12.1166,275.33,9.8574,181,1.009,106522,False,,60
rul_rve,FD003,rve_notrip_L3,,0,13.0199,317.18,11.561,77,0.647,81292,False,,60
rul_rve,FD003,rve_notrip_L3,,1,13.1753,584.6,9.9084,109,0.928,81292,False,,60
rul_rve,FD003,rve_notrip_L3,,2,13.1463,442.97,11.1403,90,0.961,81292,False,,60
rul_rve,FD003,rve_notrip_L3,,3,13.3513,408.72,9.9933,75,0.69,81292,False,,60
rul_rve,FD003,rve_notrip_L3,,4,12.5736,336.14,10.5368,183,0.925,81292,False,,60
rul_rve,FD003,rve_notrip_L3,,5,12.7396,359.28,10.4562,86,0.914,81292,False,,60
rul_rve,FD003,rve_notrip_L3,,6,11.8605,247.81,11.3517,145,0.663,81292,False,,60
rul_rve,FD003,rve_notrip_L3,,7,13.813,389.0,13.4438,38,1.029,81292,False,,60
rul_rve,FD003,rve_notrip_L3,,8,13.788,493.77,11.6094,71,0.954,81292,False,,60
rul_rve,FD003,rve_notrip_L3,,9,13.4718,494.57,10.1385,146,0.644,81292,False,,60
rul_rve,FD003,rve_notrip_L8,,0,13.4573,404.03,12.5616,107,0.966,85642,False,,60
rul_rve,FD003,rve_notrip_L8,,1,12.6728,327.11,10.2189,97,1.007,85642,False,,60
rul_rve,FD003,rve_notrip_L8,,2,12.3653,286.95,10.9386,119,0.777,85642,False,,60
rul_rve,FD003,rve_notrip_L8,,3,13.1135,352.12,9.8876,88,0.967,85642,False,,60
rul_rve,FD003,rve_notrip_L8,,4,12.8029,364.13,10.2738,152,0.995,85642,False,,60
rul_rve,FD003,rve_notrip_L8,,5,12.2134,306.15,9.8055,171,0.652,85642,False,,60
rul_rve,FD003,rve_notrip_L8,,6,11.4372,222.83,11.5944,180,0.994,85642,False,,60
rul_rve,FD003,rve_notrip_L8,,7,14.6788,392.07,13.4812,38,1.044,85642,False,,60
rul_rve,FD003,rve_notrip_L8,,8,13.6216,348.79,11.9024,71,0.776,85642,False,,60
rul_rve,FD003,rve_notrip_L8,,9,12.657,305.44,9.9934,175,0.978,85642,False,,60
rul_rve,FD003,rve_plain_L2,,0,13.6624,361.53,12.7335,52,0.522,43413,False,,60
rul_rve,FD003,rve_plain_L2,,1,13.3158,479.04,10.5362,110,0.553,43413,False,,60
rul_rve,FD003,rve_plain_L2,,2,12.5415,304.07,11.4623,66,0.466,43413,False,,60
rul_rve,FD003,rve_plain_L2,,3,13.2698,343.34,10.0757,77,0.552,43413,False,,60
rul_rve,FD003,rve_plain_L2,,4,12.5537,302.54,11.2733,94,0.575,43413,False,,60
rul_rve,FD003,rve_plain_L2,,5,13.3051,566.63,11.0277,94,0.436,43413,False,,60
rul_rve,FD003,rve_plain_L2,,6,11.6246,229.26,11.6698,125,0.532,43413,False,,60
rul_rve,FD003,rve_plain_L2,,7,12.2877,227.41,12.3313,73,0.596,43413,False,,60
rul_rve,FD003,rve_plain_L2,,8,12.921,372.8,11.3856,115,0.459,43413,False,,60
rul_rve,FD003,rve_plain_L2,,9,13.3186,352.59,9.7757,144,0.551,43413,False,,60
rul_rve,FD003,rve_plain_L32,,0,14.3593,521.85,12.5982,88,0.553,54153,False,,60
rul_rve,FD003,rve_plain_L32,,1,13.512,340.3,10.5128,94,0.577,54153,False,,60
rul_rve,FD003,rve_plain_L32,,2,13.5699,432.56,12.1735,62,0.467,54153,False,,60
rul_rve,FD003,rve_plain_L32,,3,11.997,276.62,9.8277,136,0.555,54153,False,,60
rul_rve,FD003,rve_plain_L32,,4,13.4199,640.73,11.1148,93,0.473,54153,False,,60
rul_rve,FD003,rve_plain_L32,,5,14.3927,535.78,11.1346,68,0.438,54153,False,,60
rul_rve,FD003,rve_plain_L32,,6,12.2283,272.05,10.6228,160,0.566,54153,False,,60
rul_rve,FD003,rve_plain_L32,,7,13.7414,404.95,13.2974,59,0.599,54153,False,,60
rul_rve,FD003,rve_plain_L32,,8,14.9686,1174.6,11.7737,96,0.354,54153,False,,60
rul_rve,FD003,rve_plain_L32,,9,13.3043,549.97,10.0811,153,0.452,54153,False,,60
rul_rve,FD003,rve_plain_L3,,0,14.1817,438.76,12.3605,82,0.556,43771,False,,60
rul_rve,FD003,rve_plain_L3,,1,13.6081,423.0,10.0244,133,0.451,43771,False,,60
rul_rve,FD003,rve_plain_L3,,2,13.1128,489.04,10.9638,116,0.566,43771,False,,60
rul_rve,FD003,rve_plain_L3,,3,12.7976,310.65,10.2374,71,0.557,43771,False,,60
rul_rve,FD003,rve_plain_L3,,4,13.6947,701.09,11.0074,111,0.452,43771,False,,60
rul_rve,FD003,rve_plain_L3,,5,12.995,333.57,11.2317,111,0.551,43771,False,,60
rul_rve,FD003,rve_plain_L3,,6,11.7063,244.84,11.0156,183,0.565,43771,False,,60
rul_rve,FD003,rve_plain_L3,,7,13.8307,417.59,13.3964,38,0.467,43771,False,,60
rul_rve,FD003,rve_plain_L3,,8,15.1373,1330.71,11.2342,125,0.579,43771,False,,60
rul_rve,FD003,rve_plain_L3,,9,13.8978,631.25,10.8467,91,0.557,43771,False,,60
rul_rve,FD003,rve_plain_L8,,0,13.1292,298.24,12.9626,87,0.437,45561,False,,60
rul_rve,FD003,rve_plain_L8,,1,14.0938,468.59,11.4079,47,0.571,45561,False,,60
rul_rve,FD003,rve_plain_L8,,2,12.5723,337.53,11.0358,97,0.598,45561,False,,60
rul_rve,FD003,rve_plain_L8,,3,13.242,456.28,10.173,88,0.437,45561,False,,60
rul_rve,FD003,rve_plain_L8,,4,11.659,216.09,10.2142,152,0.57,45561,False,,60
rul_rve,FD003,rve_plain_L8,,5,13.0647,433.46,11.148,106,0.558,45561,False,,60
rul_rve,FD003,rve_plain_L8,,6,11.6894,254.64,11.7393,118,0.445,45561,False,,60
rul_rve,FD003,rve_plain_L8,,7,12.8403,315.69,13.6126,52,0.59,45561,False,,60
rul_rve,FD003,rve_plain_L8,,8,14.3417,994.22,12.1366,75,0.585,45561,False,,60
rul_rve,FD003,rve_plain_L8,,9,13.0005,428.31,9.4698,200,0.438,45561,False,,60
rul_rve,FD004,rve_full_L2,,0,15.1722,1452.42,14.2675,85,2.435,80422,True,,60
rul_rve,FD004,rve_full_L2,,1,15.0583,1099.1,13.6617,47,2.638,80422,True,,60
rul_rve,FD004,rve_full_L2,,2,15.0406,1168.08,13.4523,70,1.895,80422,True,,60
rul_rve,FD004,rve_full_L2,,3,15.5117,1283.51,17.1983,73,2.767,80422,True,,60
rul_rve,FD004,rve_full_L2,,4,14.8553,1145.49,14.445,65,2.544,80422,True,,60
rul_rve,FD004,rve_full_L2,,5,15.8832,1551.25,15.9291,66,1.812,80422,True,,60
rul_rve,FD004,rve_full_L2,,6,14.5632,1187.44,17.0453,70,2.537,80422,True,,60
rul_rve,FD004,rve_full_L2,,7,14.9845,1298.96,13.0483,87,2.474,80422,True,,60
rul_rve,FD004,rve_full_L2,,8,16.0468,1617.89,16.2991,71,1.902,80422,True,,60
rul_rve,FD004,rve_full_L2,,9,15.2377,1011.89,13.6736,65,2.599,80422,True,,60
rul_rve,FD004,rve_full_L32,,0,14.6475,1228.3,13.9597,127,1.657,106522,True,,60
rul_rve,FD004,rve_full_L32,,1,14.8067,1220.14,13.3668,85,2.311,106522,True,,60
rul_rve,FD004,rve_full_L32,,2,15.0781,1158.02,13.2623,97,1.18,106522,True,,60
rul_rve,FD004,rve_full_L32,,3,15.2406,1487.29,16.8107,94,2.346,106522,True,,60
rul_rve,FD004,rve_full_L32,,4,15.3712,1402.73,14.0184,86,1.708,106522,True,,60
rul_rve,FD004,rve_full_L32,,5,14.2019,1105.88,15.0044,131,1.197,106522,True,,60
rul_rve,FD004,rve_full_L32,,6,14.9042,1025.29,16.6305,107,1.687,106522,True,,60
rul_rve,FD004,rve_full_L32,,7,15.2456,1233.98,12.6445,90,1.809,106522,True,,60
rul_rve,FD004,rve_full_L32,,8,15.5895,1287.41,15.6931,95,1.173,106522,True,,60
rul_rve,FD004,rve_full_L32,,9,14.5578,1223.46,13.1851,129,1.845,106522,True,,60
rul_rve,FD004,rve_full_L3,,0,14.6143,1061.13,14.3177,115,2.758,81292,True,,60
rul_rve,FD004,rve_full_L3,,1,15.3037,1192.93,14.2479,54,1.914,81292,True,,60
rul_rve,FD004,rve_full_L3,,2,15.1109,1283.15,13.5525,113,2.656,81292,True,,60
rul_rve,FD004,rve_full_L3,,3,14.5109,1071.0,17.0443,75,2.524,81292,True,,60
rul_rve,FD004,rve_full_L3,,4,15.012,1581.4,14.1924,122,2.211,81292,True,,60
rul_rve,FD004,rve_full_L3,,5,15.2677,1870.15,14.1701,119,2.497,81292,True,,60
rul_rve,FD004,rve_full_L3,,6,15.9942,1078.2,16.994,78,2.279,81292,True,,60
rul_rve,FD004,rve_full_L3,,7,15.6037,1346.51,13.4529,72,1.896,81292,True,,60
rul_rve,FD004,rve_full_L3,,8,14.585,1163.53,15.4249,105,2.817,81292,True,,60
rul_rve,FD004,rve_full_L3,,9,15.7492,1207.27,13.4517,89,2.639,81292,True,,60
rul_rve,FD004,rve_full_L8,,0,15.56,1191.82,14.3558,110,1.162,85642,True,,60
rul_rve,FD004,rve_full_L8,,1,14.8884,1114.47,13.3511,74,2.7,85642,True,,60
rul_rve,FD004,rve_full_L8,,2,14.3624,1019.79,13.2187,127,1.769,85642,True,,60
rul_rve,FD004,rve_full_L8,,3,14.3524,876.66,16.8257,75,2.241,85642,True,,60
rul_rve,FD004,rve_full_L8,,4,15.0268,1088.8,14.0613,140,1.786,85642,True,,60
rul_rve,FD004,rve_full_L8,,5,14.7573,1197.5,15.0083,81,2.844,85642,True,,60
rul_rve,FD004,rve_full_L8,,6,16.088,1564.84,16.385,127,1.201,85642,True,,60
rul_rve,FD004,rve_full_L8,,7,15.3163,1657.18,13.0096,66,2.819,85642,True,,60
rul_rve,FD004,rve_full_L8,,8,15.374,1466.62,16.1489,56,1.719,85642,True,,60
rul_rve,FD004,rve_full_L8,,9,14.4087,966.22,13.0191,112,2.282,85642,True,,60
rul_rve,FD004,rve_norecon_L2,,0,14.8477,1197.8,14.5469,70,0.827,43413,True,,60
rul_rve,FD004,rve_norecon_L2,,1,14.9954,975.36,14.0698,56,1.414,43413,True,,60
rul_rve,FD004,rve_norecon_L2,,2,14.8542,1178.61,13.5693,68,1.234,43413,True,,60
rul_rve,FD004,rve_norecon_L2,,3,15.9054,1428.42,17.2826,66,0.907,43413,True,,60
rul_rve,FD004,rve_norecon_L2,,4,14.5893,1069.82,14.2259,73,1.19,43413,True,,60
rul_rve,FD004,rve_norecon_L2,,5,15.2637,1395.87,15.2394,73,0.924,43413,True,,60
rul_rve,FD004,rve_norecon_L2,,6,15.7295,1213.34,17.4276,48,0.866,43413,True,,60
rul_rve,FD004,rve_norecon_L2,,7,15.9944,1404.08,13.0646,91,1.395,43413,True,,60
rul_rve,FD004,rve_norecon_L2,,8,14.429,1063.6,16.1334,88,1.233,43413,True,,60
rul_rve,FD004,rve_norecon_L2,,9,15.9992,1433.21,13.7733,56,0.93,43413,True,,60
rul_rve,FD004,rve_norecon_L32,,0,15.64,1374.02,14.2388,83,0.877,54153,True,,60
rul_rve,FD004,rve_norecon_L32,,1,14.5342,1115.4,13.4063,79,1.225,54153,True,,60
rul_rve,FD004,rve_norecon_L32,,2,15.4023,1980.03,13.3452,99,1.399,54153,True,,60
rul_rve,FD004,rve_norecon_L32,,3,14.8191,1300.63,16.5776,141,0.854,54153,True,,60
rul_rve,FD004,rve_norecon_L32,,4,15.3096,1424.8,14.0254,119,2.689,54153,True,,60
rul_rve,FD004,rve_norecon_L32,,5,14.4262,1051.52,14.9387,119,1.233,54153,True,,60
rul_rve,FD004,rve_norecon_L32,,6,15.2537,1019.65,16.8712,81,0.911,54153,True,,60
rul_rve,FD004,rve_norecon_L32,,7,15.1028,1265.47,13.0905,71,1.221,54153,True,,60
rul_rve,FD004,rve_norecon_L32,,8,14.7604,1078.16,15.4546,128,2.709,54153,True,,60
rul_rve,FD004,rve_norecon_L32,,9,15.2643,1189.45,13.5625,139,0.868,54153,True,,60
rul_rve,FD004,rve_norecon_L3,,0,15.1549,1741.65,14.0417,96,1.164,43771,True,,60
rul_rve,FD004,rve_norecon_L3,,1,15.0905,1301.45,14.5128,60,1.474,43771,True,,60
rul_rve,FD004,rve_norecon_L3,,2,15.2198,1273.4,13.843,85,0.842,43771,True,,60
rul_rve,FD004,rve_norecon_L3,,3,14.9492,1018.18,16.9975,51,1.426,43771,True,,60
rul_rve,FD004,rve_norecon_L3,,4,14.2223,1076.48,14.3072,71,1.22,43771,True,,60
rul_rve,FD004,rve_norecon_L3,,5,15.2967,1316.07,14.84,84,0.91,43771,True,,60
rul_rve,FD004,rve_norecon_L3,,6,14.1724,1008.23,16.9193,78,1.216,43771,True,,60
rul_rve,FD004,rve_norecon_L3,,7,15.1107,1169.49,13.0699,109,1.405,43771,True,,60
rul_rve,FD004,rve_norecon_L3,,8,15.2112,1205.84,16.3748,63,0.845,43771,True,,60
rul_rve,FD004,rve_norecon_L3,,9,15.3744,1189.46,13.1253,75,1.418,43771,True,,60
rul_rve,FD004,rve_norecon_L8,,0,15.253,1419.33,14.9513,59,1.205,45561,True,,60
rul_rve,FD004,rve_norecon_L8,,1,15.6251,1382.8,12.7654,120,0.915,45561,True,,60
rul_rve,FD004,rve_norecon_L8,,2,14.1037,990.03,13.5139,100,3.519,45561,True,,60
rul_rve,FD004,rve_norecon_L8,,3,14.5578,1047.69,16.833,82,1.254,45561,True,,60
rul_rve,FD004,rve_norecon_L8,,4,14.2341,1248.99,14.2254,127,0.839,45561,True,,60
rul_rve,FD004,rve_norecon_L8,,5,14.5514,1152.76,15.3825,108,1.204,45561,True,,60
rul_rve,FD004,rve_norecon_L8,,6,16.6865,1470.77,17.2001,42,1.26,45561,True,,60
rul_rve,FD004,rve_norecon_L8,,7,15.4184,1348.65,12.868,90,0.851,45561,True,,60
rul_rve,FD004,rve_norecon_L8,,8,14.9123,1073.86,15.4934,71,3.601,45561,True,,60
rul_rve,FD004,rve_norecon_L8,,9,13.9834,967.28,13.3189,89,1.26,45561,True,,60
rul_rve,FD004,rve_notrip_L2,,0,15.3168,1397.44,15.1164,59,1.49,80422,True,,60
rul_rve,FD004,rve_notrip_L2,,1,14.019,926.37,14.2702,40,1.011,80422,True,,60
rul_rve,FD004,rve_notrip_L2,,2,15.1813,1206.95,15.0499,38,1.539,80422,True,,60
rul_rve,FD004,rve_notrip_L2,,3,14.8525,1227.74,18.4283,46,1.699,80422,True,,60
rul_rve,FD004,rve_notrip_L2,,4,15.5456,1706.26,13.8875,65,0.944,80422,True,,60
rul_rve,FD004,rve_notrip_L2,,5,15.6087,1512.95,16.0627,61,1.661,80422,True,,60
rul_rve,FD004,rve_notrip_L2,,6,15.0198,1091.05,17.608,45,0.99,80422,True,,60
rul_rve,FD004,rve_notrip_L2,,7,15.1642,1411.77,13.0363,48,0.992,80422,True,,60
rul_rve,FD004,rve_notrip_L2,,8,14.6514,991.2,16.4582,55,1.456,80422,True,,60
rul_rve,FD004,rve_notrip_L2,,9,14.3997,1043.28,14.1484,51,1.729,80422,True,,60
rul_rve,FD004,rve_notrip_L32,,0,13.775,1169.57,13.7797,32,1.454,106522,True,,60
rul_rve,FD004,rve_notrip_L32,,1,13.1822,931.13,12.5336,30,1.008,106522,True,,60
rul_rve,FD004,rve_notrip_L32,,2,14.4434,1097.53,13.1319,36,1.462,106522,True,,60
rul_rve,FD004,rve_notrip_L32,,3,13.3521,1125.04,15.8784,35,1.021,106522,True,,60
rul_rve,FD004,rve_notrip_L32,,4,13.5668,807.7,13.9691,31,0.953,106522,True,,60
rul_rve,FD004,rve_notrip_L32,,5,13.8807,1196.87,14.6324,37,1.608,106522,True,,60
rul_rve,FD004,rve_notrip_L32,,6,14.1156,1031.73,16.0315,35,1.515,106522,True,,60
rul_rve,FD004,rve_notrip_L32,,7,13.9782,1116.39,10.8958,34,1.004,106522,True,,60
rul_rve,FD004,rve_notrip_L32,,8,13.2272,913.07,15.0241,35,1.462,106522,True,,60
rul_rve,FD004,rve_notrip_L32,,9,14.2326,770.74,12.3102,31,1.01,106522,True,,60
rul_rve,FD004,rve_notrip_L3,,0,13.6111,962.81,13.6056,33,0.93,81292,True,,60
rul_rve,FD004,rve_notrip_L3,,1,13.4527,882.12,12.3719,31,1.672,81292,True,,60
rul_rve,FD004,rve_notrip_L3,,2,14.994,1375.72,12.814,51,1.288,81292,True,,60
rul_rve,FD004,rve_notrip_L3,,3,14.0569,989.76,16.5011,33,0.995,81292,True,,60
rul_rve,FD004,rve_notrip_L3,,4,14.5809,1069.71,13.1145,37,1.451,81292,True,,60
rul_rve,FD004,rve_notrip_L3,,5,13.4765,1098.87,14.563,37,1.693,81292,True,,60
rul_rve,FD004,rve_notrip_L3,,6,13.6243,881.55,15.3908,34,0.961,81292,True,,60
rul_rve,FD004,rve_notrip_L3,,7,14.7928,1096.88,11.5288,34,1.645,81292,True,,60
rul_rve,FD004,rve_notrip_L3,,8,13.8569,938.23,15.3578,43,1.471,81292,True,,60
rul_rve,FD004,rve_notrip_L3,,9,14.3999,1079.38,12.8808,36,1.017,81292,True,,60
rul_rve,FD004,rve_notrip_L8,,0,14.2708,1075.7,13.4211,35,1.398,85642,True,,60
rul_rve,FD004,rve_notrip_L8,,1,13.0705,947.29,12.5105,30,1.689,85642,True,,60
rul_rve,FD004,rve_notrip_L8,,2,14.771,1085.57,13.5596,39,0.98,85642,True,,60
rul_rve,FD004,rve_notrip_L8,,3,13.5375,746.28,16.0462,36,1.522,85642,True,,60
rul_rve,FD004,rve_notrip_L8,,4,13.7447,1146.11,13.7219,31,1.462,85642,True,,60
rul_rve,FD004,rve_notrip_L8,,5,13.8123,945.79,14.9339,43,0.988,85642,True,,60
rul_rve,FD004,rve_notrip_L8,,6,14.1158,929.32,16.0603,36,1.465,85642,True,,60
rul_rve,FD004,rve_notrip_L8,,7,13.6541,909.15,11.1234,34,1.618,85642,True,,60
rul_rve,FD004,rve_notrip_L8,,8,13.4876,916.05,15.7878,35,0.945,85642,True,,60
rul_rve,FD004,rve_notrip_L8,,9,13.7912,809.97,12.3669,32,1.686,85642,True,,60
rul_rve,FD004,rve_plain_L2,,0,13.4099,896.93,13.9739,32,1.557,43413,True,,60
rul_rve,FD004,rve_plain_L2,,1,13.4217,878.76,13.2134,32,0.833,43413,True,,60
rul_rve,FD004,rve_plain_L2,,2,15.5573,1039.84,14.0088,36,0.721,43413,True,,60
rul_rve,FD004,rve_plain_L2,,3,14.5432,935.18,16.2542,31,1.88,43413,True,,60
rul_rve,FD004,rve_plain_L2,,4,14.5759,980.8,13.7057,33,1.544,43413,True,,60
rul_rve,FD004,rve_plain_L2,,5,14.248,1162.46,14.6069,32,0.74,43413,True,,60
rul_rve,FD004,rve_plain_L2,,6,15.2971,997.37,16.6055,30,1.624,43413,True,,60
rul_rve,FD004,rve_plain_L2,,7,14.3714,978.28,11.7813,31,0.821,43413,True,,60
rul_rve,FD004,rve_plain_L2,,8,14.442,1225.17,16.1033,33,0.622,43413,True,,60
rul_rve,FD004,rve_plain_L2,,9,13.4807,818.67,13.3428,32,1.909,43413,True,,60
rul_rve,FD004,rve_plain_L32,,0,14.3175,1150.78,13.9384,36,1.593,54153,True,,60
rul_rve,FD004,rve_plain_L32,,1,13.756,929.34,13.0679,33,0.914,54153,True,,60
rul_rve,FD004,rve_plain_L32,,2,13.6874,822.6,13.4581,31,0.622,54153,True,,60
rul_rve,FD004,rve_plain_L32,,3,13.5623,878.31,15.9481,31,1.866,54153,True,,60
rul_rve,FD004,rve_plain_L32,,4,14.5091,1104.25,13.8747,33,1.628,54153,True,,60
rul_rve,FD004,rve_plain_L32,,5,14.4223,1131.76,14.3641,32,0.726,54153,True,,60
rul_rve,FD004,rve_plain_L32,,6,14.718,1224.57,16.4273,35,1.617,54153,True,,60
rul_rve,FD004,rve_plain_L32,,7,14.687,905.18,12.5835,30,1.859,54153,True,,60
rul_rve,FD004,rve_plain_L32,,8,14.2649,1288.51,15.4593,31,0.628,54153,True,,60
rul_rve,FD004,rve_plain_L32,,9,14.0547,931.04,12.8491,35,1.891,54153,True,,60
rul_rve,FD004,rve_plain_L3,,0,14.065,1060.79,13.282,30,1.506,43771,True,,60
rul_rve,FD004,rve_plain_L3,,1,13.8618,951.79,13.5149,32,0.714,43771,True,,60
rul_rve,FD004,rve_plain_L3,,2,15.0364,1438.74,13.6519,32,1.63,43771,True,,60
rul_rve,FD004,rve_plain_L3,,3,14.849,1101.93,16.6139,34,0.827,43771,True,,60
rul_rve,FD004,rve_plain_L3,,4,13.9762,1007.32,13.6725,32,0.618,43771,True,,60
rul_rve,FD004,rve_plain_L3,,5,14.1189,889.08,14.6823,32,1.839,43771,True,,60
rul_rve,FD004,rve_plain_L3,,6,14.7313,1114.25,16.3523,34,1.594,43771,True,,60
rul_rve,FD004,rve_plain_L3,,7,15.346,1308.03,11.7183,34,0.714,43771,True,,60
rul_rve,FD004,rve_plain_L3,,8,13.5739,960.11,14.7651,31,1.641,43771,True,,60
rul_rve,FD004,rve_plain_L3,,9,13.9501,1035.81,12.428,31,0.838,43771,True,,60
rul_rve,FD004,rve_plain_L8,,0,14.1559,1037.02,13.7792,30,0.615,45561,True,,60
rul_rve,FD004,rve_plain_L8,,1,13.688,778.05,13.8333,29,1.818,45561,True,,60
rul_rve,FD004,rve_plain_L8,,2,15.1932,1350.51,13.3613,36,1.574,45561,True,,60
rul_rve,FD004,rve_plain_L8,,3,13.9182,922.13,16.4739,31,0.721,45561,True,,60
rul_rve,FD004,rve_plain_L8,,4,14.0358,1038.45,13.7188,32,1.647,45561,True,,60
rul_rve,FD004,rve_plain_L8,,5,13.7848,1081.76,14.4382,31,0.824,45561,True,,60
rul_rve,FD004,rve_plain_L8,,6,14.6579,1359.43,16.4134,29,0.645,45561,True,,60
rul_rve,FD004,rve_plain_L8,,7,14.4217,1060.68,12.1484,34,1.829,45561,True,,60
rul_rve,FD004,rve_plain_L8,,8,14.2806,1039.44,15.1997,31,1.602,45561,True,,60
rul_rve,FD004,rve_plain_L8,,9,15.838,1518.59,14.3828,42,0.739,45561,True,,60
rul_sbi,FD001,no_no_yes,,0,13.9657,326.74,13.1085,34,0.851,38961,False,,45
rul_sbi,FD001,no_no_yes,,0,13.9657,326.74,13.1085,200,0.554,38961,False,True,45
rul_sbi,FD001,no_no_yes,,1,13.5026,306.0,10.9191,38,0.692,38961,False,,45
rul_sbi,FD001,no_no_yes,,1,13.5026,306.0,10.9191,200,0.649,38961,False,True,45
rul_sbi,FD001,no_no_yes,,2,14.9051,324.45,12.3887,36,0.783,38961,False,,45
rul_sbi,FD001,no_no_yes,,2,14.9051,324.45,12.3887,200,0.546,38961,False,True,45
rul_sbi,FD001,yes_no_no,,0,13.9752,426.94,13.0783,41,1.718,7697,False,,45
rul_sbi,FD001,yes_no_no,,0,14.3659,422.59,12.5238,200,1.816,7697,False,True,45
rul_sbi,FD001,yes_no_no,,1,13.4491,364.56,9.3392,57,1.692,7697,False,,45
rul_sbi,FD001,yes_no_no,,1,13.4491,364.56,9.3392,200,1.863,7697,False,True,45
rul_sbi,FD001,yes_no_no,,2,14.3899,499.79,13.6884,82,1.991,7697,False,,45
rul_sbi,FD001,yes_no_no,,2,14.6806,537.37,13.3548,200,1.768,7697,False,True,45
rul_sbi,FD001,yes_no_yes,,0,15.3723,450.16,12.8493,29,2.168,45633,False,,45
rul_sbi,FD001,yes_no_yes,,0,15.7915,536.27,12.2709,200,1.916,45633,False,True,45
rul_sbi,FD001,yes_no_yes,,1,13.8178,375.82,9.8753,28,1.993,45633,False,,45
rul_sbi,FD001,yes_no_yes,,1,13.8178,375.82,9.8753,200,1.892,45633,False,True,45
rul_sbi,FD001,yes_no_yes,,2,13.7694,347.66,12.0185,21,2.281,45633,False,,45
rul_sbi,FD001,yes_no_yes,,2,13.7694,347.66,12.0185,200,1.805,45633,False,True,45
rul_sbi,FD001,yes_yes_no,,0,13.4665,360.94,12.0354,33,3.295,11057,False,,45
rul_sbi,FD001,yes_yes_no,,0,13.4665,360.94,12.0354,200,2.854,11057,False,True,45
rul_sbi,FD001,yes_yes_no,,1,14.5605,476.84,9.1291,80,3.11,11057,False,,45
rul_sbi,FD001,yes_yes_no,,1,15.7169,579.32,9.0416,200,2.491,11057,False,True,45
rul_sbi,FD001,yes_yes_no,,2,13.2168,352.74,13.3385,25,3.569,11057,False,,45
rul_sbi,FD001,yes_yes_no,,2,13.2168,352.74,13.3385,200,2.768,11057,False,True,45
rul_sbi,FD001,yes_yes_yes,,0,14.5863,470.38,12.2185,21,3.343,48993,False,,45
rul_sbi,FD001,yes_yes_yes,,0,14.5863,470.38,12.2185,200,3.4,48993,False,True,45
rul_sbi,FD001,yes_yes_yes,,0,14.8987,458.38,12.9002,200,3.223,48753,False,True,30
rul_sbi,FD001,yes_yes_yes,,1,14.1686,349.34,10.4635,24,3.15,48993,False,,45
rul_sbi,FD001,yes_yes_yes,,1,14.1686,349.34,10.4635,200,3.204,48993,False,True,45
rul_sbi,FD001,yes_yes_yes,,1,14.5677,442.98,13.832,200,3.275,48753,False,True,30
rul_sbi,FD001,yes_yes_yes,,2,14.0206,431.5,13.5539,21,3.75,48993,False,,45
rul_sbi,FD001,yes_yes_yes,,2,14.5589,468.96,13.5183,200,3.465,48993,False,True,45
rul_sbi,FD001,yes_yes_yes,,2,14.5447,357.59,13.8479,200,3.345,48753,False,True,30
rul_sbi,FD002,no_no_yes,,0,15.1221,1132.82,14.4635,124,2.128,38961,False,,45
rul_sbi,FD002,no_no_yes,,0,14.2281,1052.74,14.1296,600,1.594,38961,False,True,45
rul_sbi,FD002,no_no_yes,,1,15.4573,1139.41,15.4802,94,1.967,38961,False,,45
rul_sbi,FD002,no_no_yes,,1,14.7451,1102.69,15.086,600,1.559,38961,False,True,45
rul_sbi,FD002,no_no_yes,,2,15.5208,1469.71,16.1581,86,2.215,38961,False,,45
rul_sbi,FD002,no_no_yes,,2,14.6095,1450.45,14.938,600,1.496,38961,False,True,45
rul_sbi,FD002,yes_no_no,,0,15.8458,1554.44,14.5539,140,3.715,5473,False,,45
rul_sbi,FD002,yes_no_no,,0,16.8682,3980.79,13.964,600,3.072,5473,False,True,45
rul_sbi,FD002,yes_no_no,,1,16.6228,1461.72,15.9323,156,4.073,5473,False,,45
rul_sbi,FD002,yes_no_no,,1,18.9954,18341.67,15.0326,600,3.137,5473,False,True,45
rul_sbi,FD002,yes_no_no,,2,17.4957,1808.99,18.7046,87,3.63,5473,False,,45
rul_sbi,FD002,yes_no_no,,2,15.8056,1613.28,15.7829,600,3.082,5473,False,True,45
rul_sbi,FD002,yes_no_yes,,0,16.3029,2093.46,14.6044,75,4.691,43409,False,,45
rul_sbi,FD002,yes_no_yes,,0,15.468,1602.05,14.1587,600,3.821,43409,False,True,45
rul_sbi,FD002,yes_no_yes,,1,15.919,1759.52,16.0277,94,4.375,43409,False,,45
rul_sbi,FD002,yes_no_yes,,1,15.919,1759.52,16.0277,600,3.708,43409,False,True,45
rul_sbi,FD002,yes_no_yes,,2,17.0318,2638.87,17.1883,58,4.749,43409,False,,45
rul_sbi,FD002,yes_no_yes,,2,14.9742,1618.9,15.2322,600,3.66,43409,False,True,45
rul_sbi,FD002,yes_yes_no,,0,16.7104,2798.74,14.5663,96,5.131,7713,False,,45
rul_sbi,FD002,yes_yes_no,,0,16.6988,2899.42,14.4359,600,4.976,7713,False,True,45
rul_sbi,FD002,yes_yes_no,,1,18.1067,2860.14,15.9211,95,5.655,7713,False,,45
rul_sbi,FD002,yes_yes_no,,1,16.0273,1813.67,15.6579,600,4.865,7713,False,True,45
rul_sbi,FD002,yes_yes_no,,2,16.9211,3514.18,16.2308,113,5.65,7713,False,,45
rul_sbi,FD002,yes_yes_no,,2,15.4633,1620.88,14.8161,600,4.815,7713,False,True,45
rul_sbi,FD002,yes_yes_yes,,0,16.4632,2263.72,13.4739,93,5.753,45649,False,,45
rul_sbi,FD002,yes_yes_yes,,0,12.8261,819.03,13.4687,39,6.775,45649,True,False,45
rul_sbi,FD002,yes_yes_yes,,0,12.8511,816.04,13.3909,600,5.855,45649,True,True,45
rul_sbi,FD002,yes_yes_yes,,0,14.6685,1136.34,14.7886,600,6.172,45409,True,True,30
rul_sbi,FD002,yes_yes_yes,,0,16.4632,2263.72,13.4739,600,6.238,45649,False,True,45
rul_sbi,FD002,yes_yes_yes,,0,15.486,1235.15,15.1498,600,6.123,45409,False,True,30
rul_sbi,FD002,yes_yes_yes,,1,17.6237,2724.94,16.2611,78,5.621,45649,False,,45
rul_sbi,FD002,yes_yes_yes,,1,13.1222,826.41,13.4985,36,6.264,45649,True,False,45
rul_sbi,FD002,yes_yes_yes,,1,13.1222,826.41,13.4985,600,6.066,45649,True,True,45
rul_sbi,FD002,yes_yes_yes,,1,14.6784,995.21,15.4265,600,6.199,45409,True,True,30
rul_sbi,FD002,yes_yes_yes,,1,17.1523,2045.04,15.9307,600,6.059,45649,False,True,45
rul_sbi,FD002,yes_yes_yes,,1,16.6254,1549.21,17.4563,600,6.007,45409,False,True,30
rul_sbi,FD002,yes_yes_yes,,2,17.2603,2776.14,16.7303,82,6.076,45649,False,,45
rul_sbi,FD002,yes_yes_yes,,2,13.1586,984.99,13.9848,41,6.538,45649,True,False,45
rul_sbi,FD002,yes_yes_yes,,2,14.2213,1169.22,13.2806,600,6.261,45649,True,True,45
rul_sbi,FD002,yes_yes_yes,,2,14.578,1246.18,16.2373,600,6.19,45409,True,True,30
rul_sbi,FD002,yes_yes_yes,,2,16.517,2376.04,15.5386,600,6.57,45649,False,True,45
rul_sbi,FD002,yes_yes_yes,,2,15.6481,1388.07,16.4207,600,6.122,45409,False,True,30
rul_sbi,FD003,no_no_yes,,0,19.3386,1693.54,17.6371,13,0.788,38961,False,,45
rul_sbi,FD003,no_no_yes,,0,15.0025,462.64,9.2964,200,0.652,38961,False,True,45
rul_sbi,FD003,no_no_yes,,1,14.0258,348.57,9.6944,55,0.814,38961,False,,45
rul_sbi,FD003,no_no_yes,,1,14.465,398.16,9.2429,200,0.805,38961,False,True,45
rul_sbi,FD003,no_no_yes,,2,14.4061,496.27,10.3946,32,0.983,38961,False,,45
rul_sbi,FD003,no_no_yes,,2,16.5964,895.39,10.3697,200,0.726,38961,False,True,45
rul_sbi,FD003,yes_no_no,,0,14.8334,526.96,9.9528,55,2.189,7697,False,,45
rul_sbi,FD003,yes_no_no,,0,14.8334,526.96,9.9528,200,1.772,7697,False,True,45
rul_sbi,FD003,yes_no_no,,1,13.6716,370.61,8.6145,42,2.043,7697,False,,45
rul_sbi,FD003,yes_no_no,,1,15.1141,607.9,8.4031,200,1.764,7697,False,True,45
rul_sbi,FD003,yes_no_no,,2,14.6735,475.49,10.641,53,2.77,7697,False,,45
rul_sbi,FD003,yes_no_no,,2,14.6559,531.91,10.3013,200,1.857,7697,False,True,45
rul_sbi,FD003,yes_no_yes,,0,14.6285,523.49,10.0014,22,2.629,45633,False,,45
rul_sbi,FD003,yes_no_yes,,0,14.2852,501.22,8.5424,200,2.114,45633,False,True,45
rul_sbi,FD003,yes_no_yes,,1,13.5872,396.01,7.4233,32,2.493,45633,False,,45
rul_sbi,FD003,yes_no_yes,,1,13.5872,396.01,7.4233,200,2.117,45633,False,True,45
rul_sbi,FD003,yes_no_yes,,2,13.2149,317.46,9.7889,22,2.945,45633,False,,45
rul_sbi,FD003,yes_no_yes,,2,13.2149,317.46,9.7889,200,2.121,45633,False,True,45
rul_sbi,FD003,yes_yes_no,,0,15.167,596.3,9.8935,42,3.943,11057,False,,45
rul_sbi,FD003,yes_yes_no,,0,14.7001,529.4,9.5165,200,3.394,11057,False,True,45
rul_sbi,FD003,yes_yes_no,,1,13.8918,395.97,9.4128,42,4.064,11057,False,,45
rul_sbi,FD003,yes_yes_no,,1,13.9954,422.67,9.2964,200,3.653,11057,False,True,45
rul_sbi,FD003,yes_yes_no,,2,15.1971,531.02,10.2401,24,4.076,11057,False,,45
rul_sbi,FD003,yes_yes_no,,2,15.1971,531.02,10.2401,200,3.499,11057,False,True,45
rul_sbi,FD003,yes_yes_yes,,0,13.9453,413.02,9.7723,23,4.289,48993,False,,45
rul_sbi,FD003,yes_yes_yes,,0,13.9453,413.02,9.7723,200,4.117,48993,False,True,45
rul_sbi,FD003,yes_yes_yes,,0,14.8098,546.36,11.1607,200,4.076,48753,False,True,30
rul_sbi,FD003,yes_yes_yes,,1,14.1431,408.2,8.4183,32,4.76,48993,False,,45
rul_sbi,FD003,yes_yes_yes,,1,14.1431,408.2,8.4183,200,4.057,48993,False,True,45
rul_sbi,FD003,yes_yes_yes,,1,16.0327,521.47,10.0619,200,4.14,48753,False,True,30
rul_sbi,FD003,yes_yes_yes,,2,13.3025,332.25,9.4733,18,3.695,48993,False,,45
rul_sbi,FD003,yes_yes_yes,,2,13.3025,332.25,9.4733,200,4.027,48993,False,True,45
rul_sbi,FD003,yes_yes_yes,,2,16.0687,942.98,11.6897,200,4.065,48753,False,True,30
rul_sbi,FD004,no_no_yes,,0,17.4653,2012.41,15.7548,144,2.482,38961,False,,45
rul_sbi,FD004,no_no_yes,,0,15.6523,1293.83,14.41,600,1.776,38961,False,True,45
rul_sbi,FD004,no_no_yes,,1,17.8279,1917.52,15.4929,105,2.762,38961,False,,45
rul_sbi,FD004,no_no_yes,,1,15.9984,1189.04,14.7949,600,1.984,38961,False,True,45
rul_sbi,FD004,no_no_yes,,2,17.5931,2479.78,14.799,111,2.356,38961,False,,45
rul_sbi,FD004,no_no_yes,,2,15.5513,1220.41,13.3308,600,1.822,38961,False,True,45
rul_sbi,FD004,yes_no_no,,0,16.2542,1315.3,15.032,195,4.262,5473,False,,45
rul_sbi,FD004,yes_no_no,,0,15.2058,1052.98,13.6766,600,3.539,5473,False,True,45
rul_sbi,FD004,yes_no_no,,1,19.9447,3116.11,17.8661,128,4.017,5473,False,,45
rul_sbi,FD004,yes_no_no,,1,16.4,1363.48,15.5834,600,3.529,5473,False,True,45
rul_sbi,FD004,yes_no_no,,2,18.9192,3118.87,16.2027,142,4.31,5473,False,,45
rul_sbi,FD004,yes_no_no,,2,15.9115,1519.55,14.0564,600,3.587,5473,False,True,45
rul_sbi,FD004,yes_no_yes,,0,17.2106,1747.92,15.5826,101,5.342,43409,False,,45
rul_sbi,FD004,yes_no_yes,,0,16.8464,1494.55,15.2489,600,4.176,43409,False,True,45
rul_sbi,FD004,yes_no_yes,,1,17.787,2095.13,16.209,91,5.182,43409,False,,45
rul_sbi,FD004,yes_no_yes,,1,17.2761,1444.1,15.473,600,4.305,43409,False,True,45
rul_sbi,FD004,yes_no_yes,,2,18.4844,2733.68,15.141,79,5.442,43409,False,,45
rul_sbi,FD004,yes_no_yes,,2,16.9481,1681.05,14.7415,600,4.286,43409,False,True,45
rul_sbi,FD004,yes_yes_no,,0,16.2868,1416.87,15.337,134,6.836,7713,False,,45
rul_sbi,FD004,yes_yes_no,,0,15.4053,1259.39,13.3351,600,5.881,7713,False,True,45
rul_sbi,FD004,yes_yes_no,,1,20.076,3237.49,18.4707,74,6.594,7713,False,,45
rul_sbi,FD004,yes_yes_no,,1,15.1005,1163.59,15.2356,600,6.104,7713,False,True,45
rul_sbi,FD004,yes_yes_no,,2,16.6776,1969.87,14.1768,153,6.413,7713,False,,45
rul_sbi,FD004,yes_yes_no,,2,15.6366,1556.86,13.6668,600,6.113,7713,False,True,45
rul_sbi,FD004,yes_yes_yes,,0,18.4192,2765.39,17.5585,73,6.444,45649,False,,45
rul_sbi,FD004,yes_yes_yes,,0,14.1364,1234.24,11.8701,64,7.081,45649,True,False,45
rul_sbi,FD004,yes_yes_yes,,0,14.1364,1234.24,11.8701,600,7.037,45649,True,True,45
rul_sbi,FD004,yes_yes_yes,,0,15.8146,1552.67,13.6614,600,7.137,45409,True,True,30
rul_sbi,FD004,yes_yes_yes,,0,17.7655,2032.25,16.7097,600,7.18,45649,False,True,45
rul_sbi,FD004,yes_yes_yes,,0,20.33,2598.0,18.4359,600,7.007,45409,False,True,30
rul_sbi,FD004,yes_yes_yes,,1,20.8857,4785.66,19.2607,36,7.254,45649,False,,45
rul_sbi,FD004,yes_yes_yes,,1,15.1598,1377.54,14.5778,55,7.244,45649,True,False,45
rul_sbi,FD004,yes_yes_yes,,1,14.8669,1327.46,14.528,600,7.634,45649,True,True,45
rul_sbi,FD004,yes_yes_yes,,1,15.7904,1996.48,15.2325,600,7.323,45409,True,True,30
rul_sbi,FD004,yes_yes_yes,,1,17.8793,1961.42,16.1872,600,7.167,45649,False,True,45
rul_sbi,FD004,yes_yes_yes,,1,19.76,2747.69,16.7762,600,7.28,45409,False,True,30
rul_sbi,FD004,yes_yes_yes,,2,17.4622,2098.08,14.7309,106,6.417,45649,False,,45
rul_sbi,FD004,yes_yes_yes,,2,15.2241,1293.67,12.5167,44,7.548,45649,True,False,45
rul_sbi,FD004,yes_yes_yes,,2,15.2241,1293.67,12.5167,600,7.51,45649,True,True,45
rul_sbi,FD004,yes_yes_yes,,2,16.4428,1967.22,13.2381,600,7.243,45409,True,True,30
rul_sbi,FD004,yes_yes_yes,,2,17.2727,1627.95,14.3528,600,7.554,45649,False,True,45
rul_sbi,FD004,yes_yes_yes,,2,19.2872,2627.78,15.7569,600,7.119,45409,False,True,30
rul_smoke,FD001,no_no_yes,,0,17.4083,806.74,19.1532,8,0.797,38961,False,,45
rul_smoke,FD001,yes_no_no,,0,17.434,843.5,19.3548,8,1.632,7697,False,,45
rul_smoke,FD001,yes_no_yes,,0,14.5867,495.19,14.0229,8,2.312,45633,False,,45
rul_smoke,FD001,yes_yes_no,,0,15.2641,474.31,16.2721,8,2.962,11057,False,,45
rul_smoke,FD001,yes_yes_yes,,0,13.8642,402.63,13.108,8,3.247,48993,False,,45
rul_smoke,FD002,no_no_yes,,0,22.3468,5389.15,20.7416,8,1.873,38961,False,,45
rul_smoke,FD002,yes_no_no,,0,42.0677,71934.31,40.8779,8,3.58,5473,False,,45
rul_smoke,FD002,yes_no_yes,,0,23.8312,13266.6,22.0801,8,4.06,43409,False,,45
rul_smoke,FD002,yes_yes_no,,0,35.5656,23766.38,35.0271,8,5.097,7713,False,,45
rul_smoke,FD002,yes_yes_yes,,0,22.2724,5895.44,20.5739,8,6.453,45649,False,,45
rul_smoke,FD002,yes_yes_yes,,0,14.9663,1666.28,15.9069,8,5.263,45649,True,,45
rul_smoke,FD003,no_no_yes,,0,19.6812,2015.32,18.3758,8,1.177,38961,False,,45
rul_smoke,FD003,yes_no_no,,0,21.6334,2378.78,19.1895,8,2.066,7697,False,,45
rul_smoke,FD003,yes_no_yes,,0,16.3066,845.22,11.7688,8,2.454,45633,False,,45
rul_smoke,FD003,yes_yes_no,,0,20.9137,2626.23,18.7752,8,4.523,11057,False,,45
rul_smoke,FD003,yes_yes_yes,,0,15.797,658.16,11.2221,8,3.241,48993,False,,45
rul_smoke,FD004,no_no_yes,,0,27.872,16289.74,25.1975,8,1.692,38961,False,,45
rul_smoke,FD004,yes_no_no,,0,43.3019,148265.78,39.1087,8,3.703,5473,False,,45
rul_smoke,FD004,yes_no_yes,,0,25.8889,28597.28,24.9127,8,4.695,43409,False,,45
rul_smoke,FD004,yes_yes_no,,0,34.4412,47626.42,31.1799,8,6.077,7713,False,,45
rul_smoke,FD004,yes_yes_yes,,0,26.1911,23443.71,24.9316,8,7.434,45649,False,,45
rul_smoke,FD004,yes_yes_yes,,0,18.7851,3332.11,17.9258,8,7.908,45649,True,,45
rul_sta,FD001,sta_nophys,,0,13.1101,319.15,11.3459,185,2.562,32543,False,,40
rul_sta,FD001,sta_nophys,,1,12.4224,299.37,10.4835,79,2.09,32543,False,,40
rul_sta,FD001,sta_nophys,,2,11.5348,241.87,11.9864,72,1.697,32543,False,,40
rul_sta,FD001,sta_nophys,,3,12.8883,289.04,12.1543,58,2.481,32543,False,,40
rul_sta,FD001,sta_nophys,,4,11.1398,227.46,8.8935,98,2.04,32543,False,,40
rul_sta,FD001,sta,,0,12.8633,374.79,11.2382,172,4.087,32543,False,,40
rul_sta,FD001,sta,,1,11.8652,254.64,10.4363,149,3.622,32543,False,,40
rul_sta,FD001,sta,,2,11.9524,287.88,12.2066,87,3.165,32543,False,,40
rul_sta,FD001,sta,,3,13.6619,377.23,13.6225,86,3.921,32543,False,,40
rul_sta,FD001,sta,,4,13.6674,325.05,12.5334,81,3.468,32543,False,,40
rul_sta,FD001,sta,,5,12.6904,245.87,11.4055,75,3.151,32543,False,,40
rul_sta,FD001,sta,,6,14.267,367.3,12.7219,79,4.047,32543,False,,40
rul_sta,FD001,sta,,7,14.7603,443.54,13.6175,250,3.517,32543,False,,40
rul_sta,FD001,sta,,8,14.2874,327.65,12.9107,84,3.141,32543,False,,40
rul_sta,FD001,sta,,9,14.0189,491.64,12.2973,154,3.945,32543,False,,40
rul_sta,FD002,sta_nophys,,0,14.2214,1138.16,12.2104,224,2.014,33243,False,,60
rul_sta,FD002,sta_nophys,,1,13.398,843.21,12.5453,70,2.954,33243,False,,60
rul_sta,FD002,sta_nophys,,2,13.3394,734.77,13.8047,81,2.458,33243,False,,60
rul_sta,FD002,sta_nophys,,3,13.6361,821.87,13.9003,100,2.126,33243,False,,60
rul_sta,FD002,sta_nophys,,4,14.0112,880.21,12.0712,138,2.931,33243,False,,60
rul_sta,FD002,sta,,0,13.8349,1057.93,13.2724,84,6.088,33243,False,,60
rul_sta,FD002,sta,,1,12.7051,693.58,12.1976,115,6.491,33243,False,,60
rul_sta,FD002,sta,,2,13.523,927.58,14.9367,152,6.675,33243,False,,60
rul_sta,FD002,sta,,3,12.6309,685.48,13.2729,159,5.861,33243,False,,60
rul_sta,FD002,sta,,4,13.558,818.43,12.8369,150,5.937,33243,False,,60
rul_sta,FD002,sta,,5,13.8473,791.15,13.5769,71,6.69,33243,False,,60
rul_sta,FD002,sta,,6,13.7899,891.65,12.5095,94,5.922,33243,False,,60
rul_sta,FD002,sta,,7,18.9267,2452.56,19.2959,149,5.304,33243,False,,60
rul_sta,FD002,sta,,8,19.6445,2108.17,20.9221,87,6.315,33243,False,,60
rul_sta,FD002,sta,,9,13.1353,750.77,13.0266,250,5.893,33243,False,,60
rul_sta,FD003,sta_nophys,,0,12.4019,289.89,11.1777,110,1.198,33243,False,,60
rul_sta,FD003,sta_nophys,,1,9.2872,142.16,7.6241,79,0.944,33243,False,,60
rul_sta,FD003,sta_nophys,,2,9.5465,162.83,8.931,208,1.479,33243,False,,60
rul_sta,FD003,sta_nophys,,3,9.7995,178.9,7.1253,86,1.236,33243,False,,60
rul_sta,FD003,sta_nophys,,4,10.3989,187.81,8.0339,117,0.922,33243,False,,60
rul_sta,FD003,sta,,0,10.3933,192.85,8.0878,233,2.687,33243,False,,60
rul_sta,FD003,sta,,1,11.6211,237.38,9.6543,76,2.798,33243,False,,60
rul_sta,FD003,sta,,2,10.4233,183.63,10.4123,249,2.928,33243,False,,60
rul_sta,FD003,sta,,3,11.2363,249.82,7.6126,250,2.704,33243,False,,60
rul_sta,FD003,sta,,4,17.1991,587.97,14.7339,48,2.765,33243,False,,60
rul_sta,FD003,sta,,5,11.0135,238.59,8.4712,101,2.628,33243,False,,60
rul_sta,FD003,sta,,6,13.0925,337.0,10.7697,100,2.646,33243,False,,60
rul_sta,FD003,sta,,7,10.9755,246.71,10.4573,250,2.773,33243,False,,60
rul_sta,FD003,sta,,8,10.3257,181.65,10.1219,82,2.676,33243,False,,60
rul_sta,FD003,sta,,9,10.6044,207.07,7.5325,250,2.675,33243,False,,60
rul_sta,FD004,sta_nophys,,0,14.7274,875.47,14.7666,72,3.487,33243,False,,60
rul_sta,FD004,sta_nophys,,1,14.1282,975.05,14.2873,82,3.049,33243,False,,60
rul_sta,FD004,sta_nophys,,2,13.572,792.15,13.47,81,2.268,33243,False,,60
rul_sta,FD004,sta_nophys,,3,14.2717,815.29,15.9701,80,3.606,33243,False,,60
rul_sta,FD004,sta_nophys,,4,13.5273,823.08,12.8014,163,2.662,33243,False,,60
rul_sta,FD004,sta,,0,16.2946,1468.37,15.3872,80,6.261,33243,False,,60
rul_sta,FD004,sta,,1,16.6727,1822.26,14.6997,231,6.485,33243,False,,60
rul_sta,FD004,sta,,2,14.4369,1379.17,12.7118,101,6.43,33243,False,,60
rul_sta,FD004,sta,,3,13.5904,916.87,16.2518,115,6.462,33243,False,,60
rul_sta,FD004,sta,,4,13.6613,1062.27,12.8559,213,6.26,33243,False,,60
rul_sta,FD004,sta,,5,14.9626,1466.27,14.8361,98,6.361,33243,False,,60
rul_sta,FD004,sta,,6,15.3517,1074.15,16.0839,82,6.547,33243,False,,60
rul_sta,FD004,sta,,7,19.5093,2644.8,17.4085,81,6.407,33243,False,,60
rul_sta,FD004,sta,,8,16.3187,1590.14,17.8489,246,6.297,33243,False,,60
rul_sta,FD004,sta,,9,18.2604,2033.73,18.1256,106,6.458,33243,False,,60
